clase, syn,,,,
http://purl.obolibrary.org/obo/DOID_0080015,trastorno congénito,,,,
http://purl.obolibrary.org/obo/DOID_2490,anomalía neurológica congénita,,,,
http://purl.obolibrary.org/obo/DOID_0050454,heterotopía periventricular,,,,
http://purl.obolibrary.org/obo/DOID_0050534,nictalopía esencial congénita,,,,
http://purl.obolibrary.org/obo/DOID_0050545,heterotaxia,,,,
http://purl.obolibrary.org/obo/DOID_0050545,situs ambiguus,,,,
http://purl.obolibrary.org/obo/DOID_0050546,“INSUFICIENCIA SUPRARRENAL, CONGÉNITA, CON INVERSIÓN DEL SEXO 46,XY, PARCIAL O COMPLETA”
http://purl.obolibrary.org/obo/DOID_0050546,“Insuficiencia suprarrenal, congénita, con inversión del sexo 46,XY”,
http://purl.obolibrary.org/obo/DOID_0050546,DEFICIENCIA DE P450scc,,,,
http://purl.obolibrary.org/obo/DOID_0050558,ENFERMEDAD DE ULLRICH,,,,
http://purl.obolibrary.org/obo/DOID_0050558,Distrofia muscular escleroatónica de Ullrich,,,,
http://purl.obolibrary.org/obo/DOID_0111229,MDDGA,,,,
http://purl.obolibrary.org/obo/DOID_0111229,alfa-distroglicanopatía muscular congénita con anomalías cerebrales y oculares,,,,
http://purl.obolibrary.org/obo/DOID_0111229,lisencefalia tipo 2 con afectación muscular y ocular,,,,
http://purl.obolibrary.org/obo/DOID_0050560,síndrome HARD,,,,
http://purl.obolibrary.org/obo/DOID_0050560,síndrome de displasia cerebro ocular-distrofia muscular,,,,
http://purl.obolibrary.org/obo/DOID_5212,síndrome de glucoproteína deficiente en carbohidratos,,,,
http://purl.obolibrary.org/obo/DOID_0050588,CMD debida a distroglicanopatía,,,,
http://purl.obolibrary.org/obo/DOID_0050588,Distrofia-distroglicanopatía muscular congénita con retraso del desarrollo intelectual B1,,,,
http://purl.obolibrary.org/obo/DOID_0112375,MDDGB,,,,
http://purl.obolibrary.org/obo/DOID_0050651,AVCD,,,,
http://purl.obolibrary.org/obo/DOID_0050651,AVSD,,,,
http://purl.obolibrary.org/obo/DOID_0050651,ECD,,,,
http://purl.obolibrary.org/obo/DOID_0050651,defecto del canal auriculoventricular,,,,
http://purl.obolibrary.org/obo/DOID_0050651,defecto del cojín endocárdico,,,,
http://purl.obolibrary.org/obo/DOID_1681,Defectos septales cardíacos,,,,
http://purl.obolibrary.org/obo/DOID_1681,Defecto septal congénito del corazón,,,,
http://purl.obolibrary.org/obo/DOID_1681,defecto septal,,,,
http://purl.obolibrary.org/obo/DOID_0050663,distrofia muscular congénita benigna,,,,
http://purl.obolibrary.org/obo/DOID_0050674,deficiencia de 3-beta-hidroxi-delta-5-C27-esteroide oxidorreductasa,,,,
http://purl.obolibrary.org/obo/DOID_0050674,CBA,,,,
http://purl.obolibrary.org/obo/DOID_0050674,colestasis con deficiencia de delta(4)-3-oxosteroide-5-beta-reductasa,,,,
http://purl.obolibrary.org/obo/DOID_0050734,deficiencia hereditaria del factor intrínseco,,,,
http://purl.obolibrary.org/obo/DOID_10907,Microcefalia,,,,
http://purl.obolibrary.org/obo/DOID_10907,microencefalia,,,,
http://purl.obolibrary.org/obo/DOID_0050811,hiperplasia suprarrenal 1,,,,
http://purl.obolibrary.org/obo/DOID_0050811,hiperplasia suprarrenal lipoide congénita,,,,
http://purl.obolibrary.org/obo/DOID_0050811,CAH lipoide,,,,
http://purl.obolibrary.org/obo/DOID_0050813,CONDRODISPLASIA CON DISLOCACIONES MÚLTIPLES,,,,
http://purl.obolibrary.org/obo/DOID_0050813,Displasia esquelética relacionada con CHST3,,,,
http://purl.obolibrary.org/obo/DOID_0050813,Disostosis húmero-espinal con cardiopatía congénita,,,,
http://purl.obolibrary.org/obo/DOID_0050813,síndrome de Kozlowski Celermajer Tink,,,,
http://purl.obolibrary.org/obo/DOID_0050813,Tipo omaní,,,,
http://purl.obolibrary.org/obo/DOID_0050813,Displasia espondiloepifisaria,,,,
http://purl.obolibrary.org/obo/DOID_0050813,disostosis húmero-espinal,,,,
http://purl.obolibrary.org/obo/DOID_0050813,disostosis humero espinal,,,,
http://purl.obolibrary.org/obo/DOID_0060259,síndrome de Ivemark,,,,
http://purl.obolibrary.org/obo/DOID_0060285,Caitlin marca,,,,
http://purl.obolibrary.org/obo/DOID_0060285,forámenes parietales agrandados,,,,
http://purl.obolibrary.org/obo/DOID_0060285,cráneo bífido hereditario,,,,
http://purl.obolibrary.org/obo/DOID_0060296,diarrea congénita por cloruros tipo finlandés,,,,
http://purl.obolibrary.org/obo/DOID_0060296,diarrea congénita por cloruros tipo finlandés,,,,
http://purl.obolibrary.org/obo/DOID_0060296,clorhidrorrea congénita,,,,
http://purl.obolibrary.org/obo/DOID_0060296,diarrea clorurada secretora congénita 1,,,,
http://purl.obolibrary.org/obo/DOID_0060327,onfalocele,,,,
http://purl.obolibrary.org/obo/DOID_0060341,síndrome de agnatia holoprosencefalia-situs inversus,,,,
http://purl.obolibrary.org/obo/DOID_0060341,disgnasia compleja agnatia-holoprosencefalia,,,,
http://purl.obolibrary.org/obo/DOID_0060341,holoprosencefalia-agnatia,,,,
http://purl.obolibrary.org/obo/DOID_0060341,otocefalia,,,,
http://purl.obolibrary.org/obo/DOID_0060445,CSCD,,,,
http://purl.obolibrary.org/obo/DOID_0060445,distrofia estromal hereditaria congénita,,,,
http://purl.obolibrary.org/obo/DOID_0060559,LCCS1,,,,
http://purl.obolibrary.org/obo/DOID_0060559,“síndrome de contractura múltiple, tipo finlandés”,,,
http://purl.obolibrary.org/obo/DOID_0060560,LCCS2,,,,
http://purl.obolibrary.org/obo/DOID_0060560,“síndrome de contractura múltiple, tipo israelí-Bedouin”,,,
http://purl.obolibrary.org/obo/DOID_13832,Conducto persistente de Botalli,,,,
http://purl.obolibrary.org/obo/DOID_13832,“conducto arterioso, patente”,,,
http://purl.obolibrary.org/obo/DOID_0060613,paladar hendido ligado al cromosoma X y anquiloglosia,,,,
http://purl.obolibrary.org/obo/DOID_674,Palatosquisis,,,,
http://purl.obolibrary.org/obo/DOID_0060638,síndrome NDH,,,,
http://purl.obolibrary.org/obo/DOID_0060649,CHED,,,,
http://purl.obolibrary.org/obo/DOID_0060653,síndrome de contractura múltiple beduino israelí de tipo B,,,,
http://purl.obolibrary.org/obo/DOID_0060655,ARCI,,,,
http://purl.obolibrary.org/obo/DOID_0060655,ictiosis laminar,,,,
http://purl.obolibrary.org/obo/DOID_0060655,eritrodermia ictiosiforme congénita no bullosa,,,,
http://purl.obolibrary.org/obo/DOID_0060656,ARCI1,,,,
http://purl.obolibrary.org/obo/DOID_0060656,ictiosis del bañador,,,,
http://purl.obolibrary.org/obo/DOID_0060710,ARCI2,,,,
http://purl.obolibrary.org/obo/DOID_0060710,BROCQ forma no bullosa de eritrodermia ictiosiforme congénita,,,,
http://purl.obolibrary.org/obo/DOID_0060710,NCIE1,,,,
http://purl.obolibrary.org/obo/DOID_0060710,eritrodermia ictiosiforme congénita no bullosa 1,,,,
http://purl.obolibrary.org/obo/DOID_0060711,ARCI3,,,,
http://purl.obolibrary.org/obo/DOID_0060711,ictiosis laminar 5,,,,
http://purl.obolibrary.org/obo/DOID_0060712,ARCI4A,,,,
http://purl.obolibrary.org/obo/DOID_0060712,ICR2B,,,,
http://purl.obolibrary.org/obo/DOID_0060712,ictiosis congénita IIB,,,,
http://purl.obolibrary.org/obo/DOID_0060712,ictiosis laminar 2,,,,
http://purl.obolibrary.org/obo/DOID_0060713,ARCI4B,,,,
http://purl.obolibrary.org/obo/DOID_0060713,ictiosis arlequín,,,,
http://purl.obolibrary.org/obo/DOID_0060713,ictiosis congénita de tipo arlequín,,,,
http://purl.obolibrary.org/obo/DOID_0060713,ictiosis fetal de tipo arlequín,,,,
http://purl.obolibrary.org/obo/DOID_0060714,ARCI5,,,,
http://purl.obolibrary.org/obo/DOID_0060714,ictiosis congénita autosómica recesiva no laminar y no eritrodérmica,,,,
http://purl.obolibrary.org/obo/DOID_0060715,ARCI6,,,,
http://purl.obolibrary.org/obo/DOID_0060716,ARCI7,,,,
http://purl.obolibrary.org/obo/DOID_0060717,ARCI8,,,,
http://purl.obolibrary.org/obo/DOID_0060717,ictiosis laminar 4,,,,
http://purl.obolibrary.org/obo/DOID_0060717,ictiosis lamelar de aparición tardía,,,,
http://purl.obolibrary.org/obo/DOID_0060718,ARCI9,,,,
http://purl.obolibrary.org/obo/DOID_0060719,ARCI10,,,,
http://purl.obolibrary.org/obo/DOID_0060720,síndrome IFAH,,,,
http://purl.obolibrary.org/obo/DOID_0060720,IHS,,,,
http://purl.obolibrary.org/obo/DOID_0060720,ictiosis autosómica recesiva con hipotricosis,,,,
http://purl.obolibrary.org/obo/DOID_0060720,síndrome de hipotricosis-ictiosis congénita,,,,
http://purl.obolibrary.org/obo/DOID_0060720,ictiosis y atrofodermia folicular con hipotricosis e hipohidrosis,,,,
http://purl.obolibrary.org/obo/DOID_0060720,síndrome de ictiosis-atrofodermia folicular-hipotricosis,,,,
http://purl.obolibrary.org/obo/DOID_0060720,síndrome de ictiosis-atrofodermia folicular-hipotricosis-hipohidrosis,,,,
http://purl.obolibrary.org/obo/DOID_0060720,síndrome de ictiosis-hipotiosis,,,,
http://purl.obolibrary.org/obo/DOID_0060731,CCHS,,,,
http://purl.obolibrary.org/obo/DOID_0060731,maldición de Ondina,,,,
http://purl.obolibrary.org/obo/DOID_0060731,Síndrome de Ondina,,,,
http://purl.obolibrary.org/obo/DOID_0060731,síndrome de hipoventilación congénita central,,,,
http://purl.obolibrary.org/obo/DOID_0060731,síndrome de hipoventilación alveolar central congénita,,,,
http://purl.obolibrary.org/obo/DOID_0060769,disgenesia tímica quística linfoide,,,,
http://purl.obolibrary.org/obo/DOID_0060769,síndrome de inmunodeficiencia grave de células T-alopecia congénita-distrofia de uñas,,,,
http://purl.obolibrary.org/obo/DOID_0060769,deficiencia de hélice alada,,,,
http://purl.obolibrary.org/obo/DOID_0060770,D-TGA,,,,
http://purl.obolibrary.org/obo/DOID_0060770,DTGA1,,,,
http://purl.obolibrary.org/obo/DOID_0060770,transposición congénita no corregida de las grandes arterias,,,,
http://purl.obolibrary.org/obo/DOID_0060770,transposición congénita no corregida de los grandes vasos,,,,
http://purl.obolibrary.org/obo/DOID_0060770,discordancia ventrículo arterial aislada,,,,
http://purl.obolibrary.org/obo/DOID_0060770,discordancia ventrículo arterial con concordancia auriculoventricular,,,,
http://purl.obolibrary.org/obo/DOID_1682,Defectos cardiacos congénitos,,,,
http://purl.obolibrary.org/obo/DOID_1682,Anomalía congénita del corazón,,,,
http://purl.obolibrary.org/obo/DOID_1682,Malformación cardiaca,,,,
http://purl.obolibrary.org/obo/DOID_1682,defecto cardíaco congénito,,,,
http://purl.obolibrary.org/obo/DOID_1682,defecto cardíaco,,,,
http://purl.obolibrary.org/obo/DOID_1682,Defecto congénito del corazón,,,,
http://purl.obolibrary.org/obo/DOID_0060772,DTGA3,,,,
http://purl.obolibrary.org/obo/DOID_0060772,transposición dextrógira de las grandes arterias 3,,,,
http://purl.obolibrary.org/obo/DOID_0060775,enfermedad de Davidson,,,,
http://purl.obolibrary.org/obo/DOID_0060775,MVD,,,,
http://purl.obolibrary.org/obo/DOID_0060775,diarrea prolongada familiar congénita con anomalías del borde en cepillo de los enterocitos,,,,
http://purl.obolibrary.org/obo/DOID_0060775,atrofia congénita de microvellosidades,,,,
http://purl.obolibrary.org/obo/DOID_0060775,diarrea 2 con atrofia microvellositaria,,,,
http://purl.obolibrary.org/obo/DOID_0060775,diarrea infantil intratable,,,,
http://purl.obolibrary.org/obo/DOID_0060776,DIAR5,,,,
http://purl.obolibrary.org/obo/DOID_0060776,diarrea congénita 5 con enteropatía en penacho,,,,
http://purl.obolibrary.org/obo/DOID_0060776,diarrea familiar congénita intratable con anomalías epiteliales o epiteliales,,,,
http://purl.obolibrary.org/obo/DOID_0060776,diarrea familiar congénita intratable con anomalías epiteliales o epiteliales,,,,
http://purl.obolibrary.org/obo/DOID_0060776,enteropatía congénita en penacho,,,,
http://purl.obolibrary.org/obo/DOID_0060776,enteropatía en penacho,,,,
http://purl.obolibrary.org/obo/DOID_0060777,DIAR8,,,,
http://purl.obolibrary.org/obo/DOID_0060778,diarrea crónica congénita con enteropatía exudativa,,,,
http://purl.obolibrary.org/obo/DOID_0060778,diarrea crónica congénita con enteropatía perdedora de proteínas,,,,
http://purl.obolibrary.org/obo/DOID_0060778,diarrea crónica congénita con enteropatía exudativa,,,,
http://purl.obolibrary.org/obo/DOID_0060778,diarrea crónica congénita con enteropatía perdedora de proteínas,,,,
http://purl.obolibrary.org/obo/DOID_0060778,diarrea congénita 7 con enteropatía exudativa,,,,
http://purl.obolibrary.org/obo/DOID_0060779,diarrea malabsortiva congénita debida a la escasez de células enteroendocrinas,,,,
http://purl.obolibrary.org/obo/DOID_0060779,diarrea malabsortiva congénita 4,,,,
http://purl.obolibrary.org/obo/DOID_0060779,diarrea malabsortiva congénita por escasez de células enteroendocrinas,,,,
http://purl.obolibrary.org/obo/DOID_0060779,anendocrinosis entérica,,,,
http://purl.obolibrary.org/obo/DOID_0060780,diarrea crónica debida a la hiperactividad de la guanilato ciclasa 2C,,,,
http://purl.obolibrary.org/obo/DOID_0060780,diarrea crónica debida a la hiperactividad de la guanilato ciclasa 2C,,,,
http://purl.obolibrary.org/obo/DOID_0060780,diarrea congénita 6,,,,
http://purl.obolibrary.org/obo/DOID_0060781,diarrea sódica secretora congénita 3 sindrómica,,,,
http://purl.obolibrary.org/obo/DOID_0060781,diarrea sódica secretora congénita 3 con o sin otras anomalías congénitas,,,,
http://purl.obolibrary.org/obo/DOID_0060781,diarrea sódica secretora congénita 3,,,,
http://purl.obolibrary.org/obo/DOID_0060781,diarrea sódica secretora congénita 3 sindrómica,,,,
http://purl.obolibrary.org/obo/DOID_0060781,diarrea sódica secretora congénita 3 con o sin otras anomalías congénitas,,,,
http://purl.obolibrary.org/obo/DOID_0060856,síndrome de Ivemark,,,,
http://purl.obolibrary.org/obo/DOID_0060856,asplenia con anomalías cardiovasculares,,,,
http://purl.obolibrary.org/obo/DOID_0060902,lisencefalia 2,,,,
http://purl.obolibrary.org/obo/DOID_0060902,“síndrome de lisencefalia, tipo Norman-Roberts”,,,
http://purl.obolibrary.org/obo/DOID_0070123,CHNG4,,,,
http://purl.obolibrary.org/obo/DOID_0070123,deficiencia aislada de tirotropina,,,,
http://purl.obolibrary.org/obo/DOID_0070124,CHNG2,,,,
http://purl.obolibrary.org/obo/DOID_0070124,hipotiroidismo congénito debido a disgenesia o hipoplasia tiroidea,,,,
http://purl.obolibrary.org/obo/DOID_0070125,CHNG5,,,,
http://purl.obolibrary.org/obo/DOID_0070126,CHNG1,,,,
http://purl.obolibrary.org/obo/DOID_0070126,resistencia a la TSH,,,,
http://purl.obolibrary.org/obo/DOID_0070127,CHNG3,,,,
http://purl.obolibrary.org/obo/DOID_0070128,CHNG6,,,,
http://purl.obolibrary.org/obo/DOID_0070253,Síndrome de Alkuraya,,,,
http://purl.obolibrary.org/obo/DOID_0070253,CDG IIa,,,,
http://purl.obolibrary.org/obo/DOID_0070253,CDG2A,,,,
http://purl.obolibrary.org/obo/DOID_0070253,CDGIIa,,,,
http://purl.obolibrary.org/obo/DOID_0070253,CDGS2,,,,
http://purl.obolibrary.org/obo/DOID_0070253,“síndrome de glucoproteína deficiente en carbohidratos, tipo II”,,,
http://purl.obolibrary.org/obo/DOID_0070253,“trastorno congénito de la glicosilación, tipo IIa”,,,
http://purl.obolibrary.org/obo/DOID_0070253,“retraso mental, retraso del crecimiento, columela prominente y boca abierta”,,
http://purl.obolibrary.org/obo/DOID_0070254,CDG IIb,,,,
http://purl.obolibrary.org/obo/DOID_0070254,CDG2B,,,,
http://purl.obolibrary.org/obo/DOID_0070254,CDGIIb,,,,
http://purl.obolibrary.org/obo/DOID_0070254,deficiencia de glucosidasa I,,,,
http://purl.obolibrary.org/obo/DOID_0070255,CDG IIc,,,,
http://purl.obolibrary.org/obo/DOID_0070255,CDG2C,,,,
http://purl.obolibrary.org/obo/DOID_0070255,CDGIIc,,,,
http://purl.obolibrary.org/obo/DOID_0070255,síndrome de Rambam-Hasharon,,,,
http://purl.obolibrary.org/obo/DOID_0070256,CDG IId,,,,
http://purl.obolibrary.org/obo/DOID_0070256,CDG2D,,,,
http://purl.obolibrary.org/obo/DOID_0070256,CDGIId,,,,
http://purl.obolibrary.org/obo/DOID_0070257,CDG IIe,,,,
http://purl.obolibrary.org/obo/DOID_0070257,síndrome CDG tipo IIe,,,,
http://purl.obolibrary.org/obo/DOID_0070257,CDG2E,,,,
http://purl.obolibrary.org/obo/DOID_0070257,CDGIIde,,,,
http://purl.obolibrary.org/obo/DOID_0070257,COG7-CDG,,,,
http://purl.obolibrary.org/obo/DOID_0070257,Síndrome de glucoproteína deficiente en carbohidratos tipo IIe,,,,
http://purl.obolibrary.org/obo/DOID_0070258,CDG IIf,,,,
http://purl.obolibrary.org/obo/DOID_0070258,CDG2F,,,,
http://purl.obolibrary.org/obo/DOID_0070258,CDGIIdf,,,,
http://purl.obolibrary.org/obo/DOID_0070258,deficiencia del transportador de ácido siálico CMP,,,,
http://purl.obolibrary.org/obo/DOID_0070258,Síndrome de glucoproteína deficiente en carbohidratos tipo IIf,,,,
http://purl.obolibrary.org/obo/DOID_0070258,SLC35A1-CDG,,,,
http://purl.obolibrary.org/obo/DOID_0070259,CDG IIg,,,,
http://purl.obolibrary.org/obo/DOID_0070259,CDG2G,,,,
http://purl.obolibrary.org/obo/DOID_0070259,síndrome cerebro-costo-mandibular tipo CDGII/COG1,,,,
http://purl.obolibrary.org/obo/DOID_0070259,CDGIIg,,,,
http://purl.obolibrary.org/obo/DOID_0070259,Síndrome de glucoproteína deficiente en carbohidratos tipo IIg,,,,
http://purl.obolibrary.org/obo/DOID_0070260,CDG IIh,,,,
http://purl.obolibrary.org/obo/DOID_0070260,CDG2H,,,,
http://purl.obolibrary.org/obo/DOID_0070260,CDGIIdh,,,,
http://purl.obolibrary.org/obo/DOID_0070260,COG8-CDG,,,,
http://purl.obolibrary.org/obo/DOID_0070260,Síndrome de glucoproteína deficiente en carbohidratos tipo IIh,,,,
http://purl.obolibrary.org/obo/DOID_0070260,Trastorno congénito de la glicosilación tipo 2h,,,,
http://purl.obolibrary.org/obo/DOID_0070261,CDG IIi,,,,
http://purl.obolibrary.org/obo/DOID_0070261,síndrome CDG tipo IIi,,,,
http://purl.obolibrary.org/obo/DOID_0070261,CDG2I,,,,
http://purl.obolibrary.org/obo/DOID_0070261,CDGIIdi,,,,
http://purl.obolibrary.org/obo/DOID_0070261,COG5-CDG,,,,
http://purl.obolibrary.org/obo/DOID_0070261,Síndrome de glucoproteína deficiente en carbohidratos tipo IIi,,,,
http://purl.obolibrary.org/obo/DOID_0070261,Trastorno congénito de la glicosilación tipo 2i,,,,
http://purl.obolibrary.org/obo/DOID_0070262,CDG IIj,,,,
http://purl.obolibrary.org/obo/DOID_0070262,síndrome CDG tipo IIj,,,,
http://purl.obolibrary.org/obo/DOID_0070262,CDG2J,,,,
http://purl.obolibrary.org/obo/DOID_0070262,CDGIIdj,,,,
http://purl.obolibrary.org/obo/DOID_0070262,COG4-CDG,,,,
http://purl.obolibrary.org/obo/DOID_0070262,Síndrome de glucoproteína deficiente en carbohidratos tipo IIj,,,,
http://purl.obolibrary.org/obo/DOID_0070262,Trastorno congénito de la glicosilación tipo 2j,,,,
http://purl.obolibrary.org/obo/DOID_0070263,CDG IIk,,,,
http://purl.obolibrary.org/obo/DOID_0070263,síndrome CDG tipo IIk,,,,
http://purl.obolibrary.org/obo/DOID_0070263,CDG2K,,,,
http://purl.obolibrary.org/obo/DOID_0070263,CDGIIdk,,,,
http://purl.obolibrary.org/obo/DOID_0070263,Síndrome de glucoproteína deficiente en carbohidratos tipo IIk,,,,
http://purl.obolibrary.org/obo/DOID_0070263,Trastorno congénito de la glicosilación tipo 2k,,,,
http://purl.obolibrary.org/obo/DOID_0070263,TMEM165-CDG,,,,
http://purl.obolibrary.org/obo/DOID_0070264,CDG IIl,,,,
http://purl.obolibrary.org/obo/DOID_0070264,síndrome CDG tipo IIL,,,,
http://purl.obolibrary.org/obo/DOID_0070264,CDG2L,,,,
http://purl.obolibrary.org/obo/DOID_0070264,CDGIIdl,,,,
http://purl.obolibrary.org/obo/DOID_0070264,COG6-CGD,,,,
http://purl.obolibrary.org/obo/DOID_0070264,Trastorno congénito de la glicosilación tipo 2l,,,,
http://purl.obolibrary.org/obo/DOID_0070265,SLC35A2-CDG,,,,
http://purl.obolibrary.org/obo/DOID_0070265,trastorno congénito de la glicosilación tipo 2m,,,,
http://purl.obolibrary.org/obo/DOID_0070265,encefalopatía del desarrollo y epiléptica 22,,,,
http://purl.obolibrary.org/obo/DOID_0070265,“encefalopatía epiléptica, infantil temprana, 22”,,
http://purl.obolibrary.org/obo/DOID_0070266,CDG IIn,,,,
http://purl.obolibrary.org/obo/DOID_0070266,síndrome CDG tipo IIn,,,,
http://purl.obolibrary.org/obo/DOID_0070266,CDG2N,,,,
http://purl.obolibrary.org/obo/DOID_0070266,CDGIIdn,,,,
http://purl.obolibrary.org/obo/DOID_0070266,Síndrome de glucoproteína deficiente en carbohidratos tipo IIn,,,,
http://purl.obolibrary.org/obo/DOID_0070266,Trastorno congénito de la glicosilación tipo 2n,,,,
http://purl.obolibrary.org/obo/DOID_0070266,SLC39A8-CDG,,,,
http://purl.obolibrary.org/obo/DOID_0070267,CCDC115-CDG,,,,
http://purl.obolibrary.org/obo/DOID_0070267,CDG IIo,,,,
http://purl.obolibrary.org/obo/DOID_0070267,síndrome CDG tipo IIo,,,,
http://purl.obolibrary.org/obo/DOID_0070267,CDG2O,,,,
http://purl.obolibrary.org/obo/DOID_0070267,CDGIIdo,,,,
http://purl.obolibrary.org/obo/DOID_0070267,Síndrome de glucoproteína deficiente en carbohidratos tipo IIo,,,,
http://purl.obolibrary.org/obo/DOID_0070267,Trastorno congénito de la glicosilación tipo 2o,,,,
http://purl.obolibrary.org/obo/DOID_0070268,CDG IIp,,,,
http://purl.obolibrary.org/obo/DOID_0070268,síndrome CDG tipo IIp,,,,
http://purl.obolibrary.org/obo/DOID_0070268,CDG2P,,,,
http://purl.obolibrary.org/obo/DOID_0070268,CDGIIdp,,,,
http://purl.obolibrary.org/obo/DOID_0070268,Síndrome de glucoproteína deficiente en carbohidratos tipo IIp,,,,
http://purl.obolibrary.org/obo/DOID_0070268,Trastorno congénito de la glicosilación tipo 2p,,,,
http://purl.obolibrary.org/obo/DOID_0070268,TMEM199-CDG,,,,
http://purl.obolibrary.org/obo/DOID_0070269,CDG IIq,,,,
http://purl.obolibrary.org/obo/DOID_0070269,CDG2Q,,,,
http://purl.obolibrary.org/obo/DOID_0070269,CDGIIdq,,,,
http://purl.obolibrary.org/obo/DOID_0070269,COG2-CDG,,,,
http://purl.obolibrary.org/obo/DOID_0070269,trastorno congénito de la glicosilación relacionado con COG2,,,,
http://purl.obolibrary.org/obo/DOID_0070277,MCPH15,,,,
http://purl.obolibrary.org/obo/DOID_0070277,NEDMISBA,,,,
http://purl.obolibrary.org/obo/DOID_0070277,“trastorno del neurodesarrollo con microcefalia progresiva, espasticidad y anomalías en la imagen cerebral”,,,
http://purl.obolibrary.org/obo/DOID_0070296,MCPH,,,,
http://purl.obolibrary.org/obo/DOID_0070278,MCPH7,,,,
http://purl.obolibrary.org/obo/DOID_0070279,MCPH14,,,,
http://purl.obolibrary.org/obo/DOID_0070280,MCPH5,,,,
http://purl.obolibrary.org/obo/DOID_0070281,MCPH19,,,,
http://purl.obolibrary.org/obo/DOID_0070282,MCPH8,,,,
http://purl.obolibrary.org/obo/DOID_0070283,MCPH13,,,,
http://purl.obolibrary.org/obo/DOID_0070284,MCPH12,,,,
http://purl.obolibrary.org/obo/DOID_0070285,MCPH1,,,,
http://purl.obolibrary.org/obo/DOID_0070286,MCPH3,,,,
http://purl.obolibrary.org/obo/DOID_0070287,MCPH11,,,,
http://purl.obolibrary.org/obo/DOID_0070288,MCPH17,,,,
http://purl.obolibrary.org/obo/DOID_0070289,MCPH16,,,,
http://purl.obolibrary.org/obo/DOID_0070290,MCPH6,,,,
http://purl.obolibrary.org/obo/DOID_0070291,MCPH4,,,,
http://purl.obolibrary.org/obo/DOID_0070292,MCPH9,,,,
http://purl.obolibrary.org/obo/DOID_0070293,MCPH2,,,,
http://purl.obolibrary.org/obo/DOID_0070294,MCPH10,,,,
http://purl.obolibrary.org/obo/DOID_0070295,MCPH18,,,,
http://purl.obolibrary.org/obo/DOID_0070297,microcefalia verdadera,,,,
http://purl.obolibrary.org/obo/DOID_0070315,Síndrome del corazón hipoplásico derecho,,,,
http://purl.obolibrary.org/obo/DOID_0080079,trastorno ungueal congénito no sindrómico 10,,,,
http://purl.obolibrary.org/obo/DOID_0080079,distrofia de veinte uñas,,,,
http://purl.obolibrary.org/obo/DOID_0080082,HIPONIQUIA CONGÉNITA,,,,
http://purl.obolibrary.org/obo/DOID_0080082,anoniquia congénita,,,,
http://purl.obolibrary.org/obo/DOID_0080086,distrofia aislada de las uñas de los pies,,,,
http://purl.obolibrary.org/obo/DOID_0080101,miopatía congénita 12,,,,
http://purl.obolibrary.org/obo/DOID_0080102,CFTD,,,,
http://purl.obolibrary.org/obo/DOID_0080102,desproporción congénita tipo fibra,,,,
http://purl.obolibrary.org/obo/DOID_0080139,encefalopatía del desarrollo y epiléptica 20,,,,
http://purl.obolibrary.org/obo/DOID_0080139,encefalopatía epiléptica infantil precoz 20,,,,
http://purl.obolibrary.org/obo/DOID_0080139,defecto de biosíntesis del glicosilfosfatidilinositol 4,,,,
http://purl.obolibrary.org/obo/DOID_0080140,síndrome M,,,,
http://purl.obolibrary.org/obo/DOID_0080140,síndrome convulsivo de fijación a la luz,,,,
http://purl.obolibrary.org/obo/DOID_0080173,complejo extrofia-epispadias,,,,
http://purl.obolibrary.org/obo/DOID_0080180,infección congénita por ZIKV,,,,
http://purl.obolibrary.org/obo/DOID_0080313,síndrome CPLS,,,,
http://purl.obolibrary.org/obo/DOID_0080313,singnatia,,,,
http://purl.obolibrary.org/obo/DOID_0080395,labio leporino no sindrómico con o sin paladar hendido 1,,,,
http://purl.obolibrary.org/obo/DOID_0080396,labio leporino no sindrómico con o sin paladar hendido 2,,,,
http://purl.obolibrary.org/obo/DOID_0080397,labio leporino no sindrómico con o sin paladar hendido 3,,,,
http://purl.obolibrary.org/obo/DOID_0080398,labio leporino no sindrómico con o sin paladar hendido 4,,,,
http://purl.obolibrary.org/obo/DOID_0080399,labio leporino no sindrómico con o sin paladar hendido 5,,,,
http://purl.obolibrary.org/obo/DOID_0080400,síndrome de Zlotogora-Ogur,,,,
http://purl.obolibrary.org/obo/DOID_0080402,labio leporino no sindrómico con o sin paladar hendido 9,,,,
http://purl.obolibrary.org/obo/DOID_0080403,labio leporino no sindrómico con o sin paladar hendido 10,,,,
http://purl.obolibrary.org/obo/DOID_0080404,labio leporino no sindrómico con o sin paladar hendido 11,,,,
http://purl.obolibrary.org/obo/DOID_0080405,labio leporino no sindrómico con o sin paladar hendido 12,,,,
http://purl.obolibrary.org/obo/DOID_0080552,PMM2-trastorno congénito de la glicosilación,,,,
http://purl.obolibrary.org/obo/DOID_0080552,trastorno congénito de la glicosilación 1a,,,,
http://purl.obolibrary.org/obo/DOID_0080553,trastorno congénito de la glicosilación 1aa,,,,
http://purl.obolibrary.org/obo/DOID_0080554,trastorno congénito de la glicosilación 1b,,,,
http://purl.obolibrary.org/obo/DOID_0080555,trastorno congénito de la glicosilación 1c,,,,
http://purl.obolibrary.org/obo/DOID_0080556,trastorno congénito de la glicosilación 1d,,,,
http://purl.obolibrary.org/obo/DOID_0080557,trastorno congénito de la glicosilación 1e,,,,
http://purl.obolibrary.org/obo/DOID_0080558,trastorno congénito de la glicosilación 1f,,,,
http://purl.obolibrary.org/obo/DOID_0080559,ALG12-trastorno congénito de la glicosilación,,,,
http://purl.obolibrary.org/obo/DOID_0080559,trastorno congénito de la glicosilación 1g,,,,
http://purl.obolibrary.org/obo/DOID_0080560,trastorno congénito de la glicosilación 1h,,,,
http://purl.obolibrary.org/obo/DOID_0080561,trastorno congénito de la glicosilación 1i,,,,
http://purl.obolibrary.org/obo/DOID_0080562,Trastorno congénito de la glicosilación 1j,,,,
http://purl.obolibrary.org/obo/DOID_0080563,trastorno congénito de la glicosilación 1k,,,,
http://purl.obolibrary.org/obo/DOID_0080564,trastorno congénito de la glicosilación 1l,,,,
http://purl.obolibrary.org/obo/DOID_0080565,DOLK-trastorno congénito de la glicosilación,,,,
http://purl.obolibrary.org/obo/DOID_0080565,trastorno congénito de la glicosilación 1m,,,,
http://purl.obolibrary.org/obo/DOID_0080565,deficiencia de dolicol quinasa,,,,
http://purl.obolibrary.org/obo/DOID_0080566,trastorno congénito de la glicosilación 1n,,,,
http://purl.obolibrary.org/obo/DOID_0080567,trastorno congénito de la glicosilación 1p,,,,
http://purl.obolibrary.org/obo/DOID_0080568,trastorno congénito de la glicosilación 1q,,,,
http://purl.obolibrary.org/obo/DOID_0080569,trastorno congénito de la glicosilación 1r,,,,
http://purl.obolibrary.org/obo/DOID_0080570,trastorno congénito de la glicosilación 1t,,,,
http://purl.obolibrary.org/obo/DOID_0080571,trastorno congénito de la glicosilación 1u,,,,
http://purl.obolibrary.org/obo/DOID_0080572,trastorno congénito de la glicosilación 1w,,,,
http://purl.obolibrary.org/obo/DOID_0080573,trastorno congénito de la glicosilación 1x,,,,
http://purl.obolibrary.org/obo/DOID_0080574,trastorno congénito de la glicosilación 1y,,,,
http://purl.obolibrary.org/obo/DOID_10426,Klippel-Feil y síndrome de Turner,,,,
http://purl.obolibrary.org/obo/DOID_10426,“Deformidad de Klippel-Feil, sordera y asimetría facial”,,,
http://purl.obolibrary.org/obo/DOID_10426,síndrome de Klippel-Feil autosómico dominante,,,,
http://purl.obolibrary.org/obo/DOID_10426,distrofia brevicollis congénita,,,,
http://purl.obolibrary.org/obo/DOID_10426,sinostosis congénita de las vértebras cervicales,,,,
http://purl.obolibrary.org/obo/DOID_0080700,síndrome de disgenesia caudal,,,,
http://purl.obolibrary.org/obo/DOID_0080700,secuencia de displasia caudal,,,,
http://purl.obolibrary.org/obo/DOID_0080700,secuencia de regresión caudal,,,,
http://purl.obolibrary.org/obo/DOID_0080700,agenesia sacra,,,,
http://purl.obolibrary.org/obo/DOID_0080700,defecto sacro con meningocele anterior,,,,
http://purl.obolibrary.org/obo/DOID_0080833,laringomalacia congénita,,,,
http://purl.obolibrary.org/obo/DOID_0080980,síndrome de Zain,,,,
http://purl.obolibrary.org/obo/DOID_0081021,fibrosis congénita de los músculos extraoculares 4,,,,
http://purl.obolibrary.org/obo/DOID_14791,LCA,,,,
http://purl.obolibrary.org/obo/DOID_14791,amaurosis de Leber,,,,
http://purl.obolibrary.org/obo/DOID_14791,amaurosis congénita de Leber,,,,
http://purl.obolibrary.org/obo/DOID_14791,enfermedad de Leber,,,,
http://purl.obolibrary.org/obo/DOID_0081266,PAMDDFS,,,,
http://purl.obolibrary.org/obo/DOID_2106,miopatía congénita de Batten Turner,,,,
http://purl.obolibrary.org/obo/DOID_2106,enfermedad de Thomsen y Becker,,,,
http://purl.obolibrary.org/obo/DOID_0081336,“Miotonía congénita, forma autosómica dominante”,,,
http://purl.obolibrary.org/obo/DOID_0081336,enfermedad de Thomsen,,,,
http://purl.obolibrary.org/obo/DOID_0090101,miocardiopatía hipertrófica congénita mortal debida a una EAG,,,,
http://purl.obolibrary.org/obo/DOID_0090101,miocardiopatía hipertrófica congénita mortal debida a glucogenosis,,,,
http://purl.obolibrary.org/obo/DOID_0090101,glucogenosis cardiaca congénita no lisosómica mortal,,,,
http://purl.obolibrary.org/obo/DOID_0090101,deficiencia de fosforilasa quinasa del corazón,,,,
http://purl.obolibrary.org/obo/DOID_0090118,CAMT,,,,
http://purl.obolibrary.org/obo/DOID_0090118,púrpura trombocitopénica amegacariocítica congénita,,,,
http://purl.obolibrary.org/obo/DOID_0090124,AMC tipo neurogénico,,,,
http://purl.obolibrary.org/obo/DOID_0090124,AMC2,,,,
http://purl.obolibrary.org/obo/DOID_0090124,AMCN,,,,
http://purl.obolibrary.org/obo/DOID_0090124,“artrogriposis múltiple congénita 2,tipo neurogénico”,,,
http://purl.obolibrary.org/obo/DOID_0090124,artrogriposis múltiple congénita de tipo neurogénico,,,,
http://purl.obolibrary.org/obo/DOID_0110005,LCA9,,,,
http://purl.obolibrary.org/obo/DOID_0110016,LCA2,,,,
http://purl.obolibrary.org/obo/DOID_0110016,amaurosis congénita de Leber II,,,,
http://purl.obolibrary.org/obo/DOID_0110078,LCA1,,,,
http://purl.obolibrary.org/obo/DOID_0110078,amaurosis congénita de Leber I,,,,
http://purl.obolibrary.org/obo/DOID_0110079,LCA8,,,,
http://purl.obolibrary.org/obo/DOID_0110080,LCA12,,,,
http://purl.obolibrary.org/obo/DOID_0110106,ASD1,,,,
http://purl.obolibrary.org/obo/DOID_0110106,comunicación interauricular 1,,,,
http://purl.obolibrary.org/obo/DOID_1882,comunicación interauricular,,,,
http://purl.obolibrary.org/obo/DOID_1882,defecto septal atrial,,,,
http://purl.obolibrary.org/obo/DOID_1882,defecto septal auricular,,,,
http://purl.obolibrary.org/obo/DOID_1882,comunicación interauricular congénita,,,,
http://purl.obolibrary.org/obo/DOID_1882,defecto septal interauricular,,,,
http://purl.obolibrary.org/obo/DOID_1882,defecto septal interauricular,,,,
http://purl.obolibrary.org/obo/DOID_0110107,ASD2,,,,
http://purl.obolibrary.org/obo/DOID_0110107,comunicación interauricular 2,,,,
http://purl.obolibrary.org/obo/DOID_0110108,ASD3,,,,
http://purl.obolibrary.org/obo/DOID_0110108,comunicación interauricular 3,,,,
http://purl.obolibrary.org/obo/DOID_0110109,ASD4,,,,
http://purl.obolibrary.org/obo/DOID_0110109,comunicación interauricular 4,,,,
http://purl.obolibrary.org/obo/DOID_0110110,ASD5,,,,
http://purl.obolibrary.org/obo/DOID_0110110,comunicación interauricular 5,,,,
http://purl.obolibrary.org/obo/DOID_0110111,ASD6,,,,
http://purl.obolibrary.org/obo/DOID_0110111,comunicación interauricular 6,,,,
http://purl.obolibrary.org/obo/DOID_0110112,CIA con o sin defectos de conducción auriculoventricular,,,,
http://purl.obolibrary.org/obo/DOID_0110112,“comunicación interauricular 7,con o sin defectos de conducción AV”,,,
http://purl.obolibrary.org/obo/DOID_0110112,síndrome de comunicación interauricular- defectos de conducción auriculoventricular,,,,
http://purl.obolibrary.org/obo/DOID_0110113,ASD8,,,,
http://purl.obolibrary.org/obo/DOID_0110113,comunicación interauricular 8,,,,
http://purl.obolibrary.org/obo/DOID_0110114,ASD9,,,,
http://purl.obolibrary.org/obo/DOID_0110114,comunicación interauricular 9,,,,
http://purl.obolibrary.org/obo/DOID_0110118,LCA16,,,,
http://purl.obolibrary.org/obo/DOID_0110188,LCA14,,,,
http://purl.obolibrary.org/obo/DOID_0110189,LCA15,,,,
http://purl.obolibrary.org/obo/DOID_0110214,velo hendido,,,,
http://purl.obolibrary.org/obo/DOID_0110214,velo palatino hendido,,,,
http://purl.obolibrary.org/obo/DOID_0110214,paladar hendido blando,,,,
http://purl.obolibrary.org/obo/DOID_0110215,LCA5,,,,
http://purl.obolibrary.org/obo/DOID_0110216,LCA11,,,,
http://purl.obolibrary.org/obo/DOID_0110217,LCA17,,,,
http://purl.obolibrary.org/obo/DOID_0110291,LCA10,,,,
http://purl.obolibrary.org/obo/DOID_0110329,LCA6,,,,
http://purl.obolibrary.org/obo/DOID_0110330,LCA13,,,,
http://purl.obolibrary.org/obo/DOID_0110331,LCA3,,,,
http://purl.obolibrary.org/obo/DOID_0110332,LCA4,,,,
http://purl.obolibrary.org/obo/DOID_0110333,LCA7,,,,
http://purl.obolibrary.org/obo/DOID_0110632,miopatía meconial congénita,,,,
http://purl.obolibrary.org/obo/DOID_0110632,distrofia muscular congénita debida a un defecto en la biosíntesis de la fosfatidilcolina,,,,
http://purl.obolibrary.org/obo/DOID_0110632,distrofia muscular congénita con anomalías estructurales mitocondriales,,,,
http://purl.obolibrary.org/obo/DOID_0110632,distrofia muscular congénita megaconial,,,,
http://purl.obolibrary.org/obo/DOID_0110633,distrofia muscular congénita tipo Eichsfeld,,,,
http://purl.obolibrary.org/obo/DOID_0110633,MDRS1,,,,
http://purl.obolibrary.org/obo/DOID_0110633,RSMD1,,,,
http://purl.obolibrary.org/obo/DOID_0110633,RSS,,,,
http://purl.obolibrary.org/obo/DOID_0110633,miopatía relacionada con SEPN1,,,,
http://purl.obolibrary.org/obo/DOID_0110633,clásico MmD,,,,
http://purl.obolibrary.org/obo/DOID_0110633,enfermedad multiminicore clásica,,,,
http://purl.obolibrary.org/obo/DOID_0110633,miopatía clásica multinúcleo,,,,
http://purl.obolibrary.org/obo/DOID_0110633,distrofia muscular congénita merosina-positiva con rigidez precoz de la columna vertebral,,,,
http://purl.obolibrary.org/obo/DOID_0110633,miopatía relacionada con la desmina con cuerpos de Mallory,,,,
http://purl.obolibrary.org/obo/DOID_0110633,miopatía relacionada con la desmina con inclusiones similares a los cuerpos de Mallory,,,,
http://purl.obolibrary.org/obo/DOID_0110633,miopatía relacionada con la desmina de aparición temprana,,,,
http://purl.obolibrary.org/obo/DOID_0110633,síndrome de columna rígida,,,,
http://purl.obolibrary.org/obo/DOID_0110633,forma clásica grave miopatía multiminicore,,,,
http://purl.obolibrary.org/obo/DOID_0110633,miopatía multinúcleo de forma clásica grave,,,,
http://purl.obolibrary.org/obo/DOID_0110633,forma clásica grave enfermedad multiminicore,,,,
http://purl.obolibrary.org/obo/DOID_0110634,CMD1B,,,,
http://purl.obolibrary.org/obo/DOID_0110634,MDC1B,,,,
http://purl.obolibrary.org/obo/DOID_0110634,distrofia muscular congénita tipo 1B,,,,
http://purl.obolibrary.org/obo/DOID_0110635,distrofia muscular congénita relacionada con el FKRP,,,,
http://purl.obolibrary.org/obo/DOID_0110635,MDC1C,,,,
http://purl.obolibrary.org/obo/DOID_0110635,MDDGB5,,,,
http://purl.obolibrary.org/obo/DOID_0110635,distrofia muscular congénita 1C,,,,
http://purl.obolibrary.org/obo/DOID_0110635,“distrofia-distroglicanopatía muscular (congénita con o sin deterioro del desarrollo intelectual), tipo B, 5”,,
http://purl.obolibrary.org/obo/DOID_0110635,“distrofia-distroglicanopatía muscular (congénita con o sin retraso mental), tipo B, 5”,,
http://purl.obolibrary.org/obo/DOID_0110636,CMD1A,,,,
http://purl.obolibrary.org/obo/DOID_0110636,MDC1A,,,,
http://purl.obolibrary.org/obo/DOID_0110636,Distrofia muscular congénita merosina-negativa,,,,
http://purl.obolibrary.org/obo/DOID_0110636,distrofia muscular congénita por deficiencia de laminina alfa2,,,,
http://purl.obolibrary.org/obo/DOID_0110637,MDC1D,,,,
http://purl.obolibrary.org/obo/DOID_0110637,MDDGB6,,,,
http://purl.obolibrary.org/obo/DOID_0110637,distrofia muscular congénita relacionada con LARGE,,,,
http://purl.obolibrary.org/obo/DOID_0110637,distrofia muscular congénita tipo 1D,,,,
http://purl.obolibrary.org/obo/DOID_0110637,“distrofia-distroglicanopatía muscular (congénita con deterioro del desarrollo intelectual), tipo B, 6”,,
http://purl.obolibrary.org/obo/DOID_0110637,“distrofia-distroglicanopatía muscular (congénita con retraso mental), tipo B, 6”,,
http://purl.obolibrary.org/obo/DOID_0110668,CMS10,,,,
http://purl.obolibrary.org/obo/DOID_0110668,LGM,,,,
http://purl.obolibrary.org/obo/DOID_0110668,distrofia muscular congénita merosina-positiva,,,,
http://purl.obolibrary.org/obo/DOID_0110668,miastenia familiar de cinturas de extremidades,,,,
http://purl.obolibrary.org/obo/DOID_0110639,distrofia muscular congénita con deficiencia de ITGA7,,,,
http://purl.obolibrary.org/obo/DOID_0110639,distrofia muscular congénita con deficiencia de integrina alfa-7,,,,
http://purl.obolibrary.org/obo/DOID_0110639,miopatía congénita por deficiencia de integrina alfa-7,,,,
http://purl.obolibrary.org/obo/DOID_0110640,L-CMD,,,,
http://purl.obolibrary.org/obo/DOID_0110640,distrofia muscular congénita relacionada con LMNA,,,,
http://purl.obolibrary.org/obo/DOID_0110640,distrofia muscular congénita relacionada con LMNA,,,,
http://purl.obolibrary.org/obo/DOID_0110657,CMS8,,,,
http://purl.obolibrary.org/obo/DOID_0110657,síndrome miasténico congénito 8 con defectos pre y postsinápticos,,,,
http://purl.obolibrary.org/obo/DOID_0110657,síndrome miasténico congénito por deficiencia de arginina,,,,
http://purl.obolibrary.org/obo/DOID_0110658,CMS15,,,,
http://purl.obolibrary.org/obo/DOID_0110658,síndrome miasténico congénito 15 sin agregados tubulares,,,,
http://purl.obolibrary.org/obo/DOID_0110659,CMS7,,,,
http://purl.obolibrary.org/obo/DOID_0110659,síndrome miasténico congénito 7 presináptico,,,,
http://purl.obolibrary.org/obo/DOID_0110660,CMS12,,,,
http://purl.obolibrary.org/obo/DOID_0110660,miastenia congénita 12 con agregados tubulares,,,,
http://purl.obolibrary.org/obo/DOID_0110661,CMS20,,,,
http://purl.obolibrary.org/obo/DOID_0110661,síndrome miasténico congénito 20 presináptico,,,,
http://purl.obolibrary.org/obo/DOID_0110662,CMS1B,,,,
http://purl.obolibrary.org/obo/DOID_0110662,“síndrome miasténico congénito 1B, canal rápido”,,,
http://purl.obolibrary.org/obo/DOID_0110663,CMS IIa,,,,
http://purl.obolibrary.org/obo/DOID_0110663,CMS1A,,,,
http://purl.obolibrary.org/obo/DOID_0110663,“síndrome miasténico congénito 1A, canal lento”,,,
http://purl.obolibrary.org/obo/DOID_0110663,síndrome miasténico congénito tipo IIa,,,,
http://purl.obolibrary.org/obo/DOID_0110664,síndrome miasténico congénito 3C asociado a la deficiencia del receptor de acetilcolina,,,,
http://purl.obolibrary.org/obo/DOID_0110665,CMS3B,,,,
http://purl.obolibrary.org/obo/DOID_0110665,“síndrome miasténico congénito 3B, canal rápido”,,,
http://purl.obolibrary.org/obo/DOID_0110666,CMS3A,,,,
http://purl.obolibrary.org/obo/DOID_0110666,“síndrome miasténico congénito 3A, canal lento”,,,
http://purl.obolibrary.org/obo/DOID_0110667,CMS Ic,,,,
http://purl.obolibrary.org/obo/DOID_0110667,CMS5,,,,
http://purl.obolibrary.org/obo/DOID_0110667,EAD,,,,
http://purl.obolibrary.org/obo/DOID_0110667,síndrome miasténico congénito de Engel,,,,
http://purl.obolibrary.org/obo/DOID_0110667,síndrome miasténico congénito tipo Engel,,,,
http://purl.obolibrary.org/obo/DOID_0110667,síndrome miasténico congénito tipo Ic,,,,
http://purl.obolibrary.org/obo/DOID_0110667,deficiencia de acetilcolinesterasa en placa terminal,,,,
http://purl.obolibrary.org/obo/DOID_0110669,CMS14,,,,
http://purl.obolibrary.org/obo/DOID_0110669,CMSTA3,,,,
http://purl.obolibrary.org/obo/DOID_0110669,“síndrome miasténico congénito 14,con agregados tubulares”,,,
http://purl.obolibrary.org/obo/DOID_0110669,síndrome miasténico congénito con agregados tubulares 3,,,,
http://purl.obolibrary.org/obo/DOID_0110670,CMS9,,,,
http://purl.obolibrary.org/obo/DOID_0110670,“síndrome miasténico congénito 9,asociado a deficiencia del receptor de acetilcolina”,,,
http://purl.obolibrary.org/obo/DOID_0110671,CMS Ia2,,,,
http://purl.obolibrary.org/obo/DOID_0110671,CMS1A2,,,,
http://purl.obolibrary.org/obo/DOID_0110671,CMS6,,,,
http://purl.obolibrary.org/obo/DOID_0110671,CMSEA,,,,
http://purl.obolibrary.org/obo/DOID_0110671,FIM,,,,
http://purl.obolibrary.org/obo/DOID_0110671,FIMG2,,,,
http://purl.obolibrary.org/obo/DOID_0110671,“síndrome miasténico congénito 6,presináptico”,,,
http://purl.obolibrary.org/obo/DOID_0110671,síndrome miasténico congénito tipo Ia2,,,,
http://purl.obolibrary.org/obo/DOID_0110671,síndrome miasténico presináptico congénito asociado a apnea episódica,,,,
http://purl.obolibrary.org/obo/DOID_0110671,miastenia infantil familiar,,,,
http://purl.obolibrary.org/obo/DOID_0110671,miastenia gravis infantil familiar 2,,,,
http://purl.obolibrary.org/obo/DOID_0110672,CMS21,,,,
http://purl.obolibrary.org/obo/DOID_0110672,“síndrome miasténico congénito 21,presináptico”,,,
http://purl.obolibrary.org/obo/DOID_0110673,CMS19,,,,
http://purl.obolibrary.org/obo/DOID_0110674,CMS17,,,,
http://purl.obolibrary.org/obo/DOID_0110675,CMS Ie,,,,
http://purl.obolibrary.org/obo/DOID_0110675,CMS11,,,,
http://purl.obolibrary.org/obo/DOID_0110675,CMS1E,,,,
http://purl.obolibrary.org/obo/DOID_0110675,síndrome miasténico congénito 11 asociado a la deficiencia del receptor de acetilcolina,,,,
http://purl.obolibrary.org/obo/DOID_0110675,síndrome miasténico congénito 1e,,,,
http://purl.obolibrary.org/obo/DOID_0110676,CMS13,,,,
http://purl.obolibrary.org/obo/DOID_0110676,CMSTA2,,,,
http://purl.obolibrary.org/obo/DOID_0110676,síndrome miasténico congénito 13 con agregados tubulares,,,,
http://purl.obolibrary.org/obo/DOID_0110676,síndrome miasténico congénito con agregados tubulares 2,,,,
http://purl.obolibrary.org/obo/DOID_0110677,CMS4B,,,,
http://purl.obolibrary.org/obo/DOID_0110677,síndrome miasténico congénito 4B de canal rápido,,,,
http://purl.obolibrary.org/obo/DOID_0110678,CMS Ia1,,,,
http://purl.obolibrary.org/obo/DOID_0110678,CMS1A1,,,,
http://purl.obolibrary.org/obo/DOID_0110678,CMS4A,,,,
http://purl.obolibrary.org/obo/DOID_0110678,síndrome miasténico congénito 4A de canal lento,,,,
http://purl.obolibrary.org/obo/DOID_0110678,síndrome miasténico congénito tipo Ia1,,,,
http://purl.obolibrary.org/obo/DOID_0110679,Identificación CMS,,,,
http://purl.obolibrary.org/obo/DOID_0110679,CMS1D,,,,
http://purl.obolibrary.org/obo/DOID_0110679,CMS4C,,,,
http://purl.obolibrary.org/obo/DOID_0110679,FIM1,,,,
http://purl.obolibrary.org/obo/DOID_0110679,síndrome miasténico congénito 4C asociado a la deficiencia del receptor de acetilcolina,,,,
http://purl.obolibrary.org/obo/DOID_0110679,síndrome miasténico congénito tipo identificación,,,,
http://purl.obolibrary.org/obo/DOID_0110679,miastenia infantil familiar 1,,,,
http://purl.obolibrary.org/obo/DOID_0110680,CMS2C,,,,
http://purl.obolibrary.org/obo/DOID_0110680,síndrome miasténico congénito 2C asociado a la deficiencia del receptor de acetilcolina,,,,
http://purl.obolibrary.org/obo/DOID_0110681,CMS2A,,,,
http://purl.obolibrary.org/obo/DOID_0110681,síndrome miasténico congénito 2A de canal lento,,,,
http://purl.obolibrary.org/obo/DOID_0110682,CMS16,,,,
http://purl.obolibrary.org/obo/DOID_0110682,síndrome miasténico congénito sensible a la acetazolamida,,,,
http://purl.obolibrary.org/obo/DOID_0110683,CMS18,,,,
http://purl.obolibrary.org/obo/DOID_0110711,Hjmd,,,,
http://purl.obolibrary.org/obo/DOID_0110711,hipotricosis con distrofia de conos y bastones,,,,
http://purl.obolibrary.org/obo/DOID_0110712,CSNBO1,,,,
http://purl.obolibrary.org/obo/DOID_0110712,ceguera nocturna estacionaria congénita Oguchi tipo 1,,,,
http://purl.obolibrary.org/obo/DOID_0110713,CSNBO2,,,,
http://purl.obolibrary.org/obo/DOID_0110713,ceguera nocturna estacionaria congénita Oguchi tipo 2,,,,
http://purl.obolibrary.org/obo/DOID_0110714,CSNB1G,,,,
http://purl.obolibrary.org/obo/DOID_0110714,ceguera nocturna estacionaria congénita tipo 1G,,,,
http://purl.obolibrary.org/obo/DOID_0110715,CSNBAD3,,,,
http://purl.obolibrary.org/obo/DOID_0110715,ceguera nocturna estacionaria congénita tipo Nougaret,,,,
http://purl.obolibrary.org/obo/DOID_0110862,CSNBAD1,,,,
http://purl.obolibrary.org/obo/DOID_0110862,ceguera nocturna estacionaria congénita relacionada con la rodopsina,,,,
http://purl.obolibrary.org/obo/DOID_0110863,CSNBAD2,,,,
http://purl.obolibrary.org/obo/DOID_0110863,ceguera nocturna estacionaria congénita tipo Rambusch,,,,
http://purl.obolibrary.org/obo/DOID_0110864,CSNB1F,,,,
http://purl.obolibrary.org/obo/DOID_0110864,ceguera nocturna estacionaria congénita 1F autosómica recesiva,,,,
http://purl.obolibrary.org/obo/DOID_0110865,CSNB1B,,,,
http://purl.obolibrary.org/obo/DOID_0110865,ceguera nocturna estacionaria completa congénita autosómica recesiva,,,,
http://purl.obolibrary.org/obo/DOID_0110865,ceguera nocturna estacionaria congénita 1B autosómica recesiva,,,,
http://purl.obolibrary.org/obo/DOID_0110866,CSNB1H,,,,
http://purl.obolibrary.org/obo/DOID_0110866,ceguera nocturna estacionaria congénita tipo 1H,,,,
http://purl.obolibrary.org/obo/DOID_0110867,CSNB1C,,,,
http://purl.obolibrary.org/obo/DOID_0110867,ceguera nocturna estacionaria congénita 1C autosómica recesiva,,,,
http://purl.obolibrary.org/obo/DOID_0110868,CSNB1D,,,,
http://purl.obolibrary.org/obo/DOID_0110868,ceguera nocturna estacionaria congénita 1D autosómica recesiva,,,,
http://purl.obolibrary.org/obo/DOID_0110869,CSNB1E,,,,
http://purl.obolibrary.org/obo/DOID_0110869,ceguera nocturna estacionaria congénita 1E autosómica recesiva,,,,
http://purl.obolibrary.org/obo/DOID_0110870,CSNB1A,,,,
http://purl.obolibrary.org/obo/DOID_0110870,NBMI,,,,
http://purl.obolibrary.org/obo/DOID_0110870,CSNB completa ligada al X,,,,
http://purl.obolibrary.org/obo/DOID_0110870,ceguera nocturna estacionaria congénita 1A ligada al X,,,,
http://purl.obolibrary.org/obo/DOID_0110870,ceguera nocturna estacionaria congénita con miopía,,,,
http://purl.obolibrary.org/obo/DOID_0110870,hemeralopía-miopía,,,,
http://purl.obolibrary.org/obo/DOID_0110870,miopía-ceguera nocturna,,,,
http://purl.obolibrary.org/obo/DOID_0110871,ceguera nocturna estacionaria congénita 2A ligada al X,,,,
http://purl.obolibrary.org/obo/DOID_0110872,HPE2,,,,
http://purl.obolibrary.org/obo/DOID_4621,Secuencia de holoprosencefalia,,,,
http://purl.obolibrary.org/obo/DOID_0110873,HPE9,,,,
http://purl.obolibrary.org/obo/DOID_0110873,holoprosencefalia con microftalmia y anomalías del primer arco branquial,,,,
http://purl.obolibrary.org/obo/DOID_0110873,anomalías hipofisarias con rasgos holoprosencefálicos,,,,
http://purl.obolibrary.org/obo/DOID_0110874,HPE6,,,,
http://purl.obolibrary.org/obo/DOID_0110875,HLP3,,,,
http://purl.obolibrary.org/obo/DOID_0110875,HPE3,,,,
http://purl.obolibrary.org/obo/DOID_0110876,HPE7,,,,
http://purl.obolibrary.org/obo/DOID_0110877,HPE11,,,,
http://purl.obolibrary.org/obo/DOID_0110878,HPE5,,,,
http://purl.obolibrary.org/obo/DOID_0110879,HPE8,,,,
http://purl.obolibrary.org/obo/DOID_0110880,HPE4,,,,
http://purl.obolibrary.org/obo/DOID_0110881,HPE1,,,,
http://purl.obolibrary.org/obo/DOID_0110916,HS1,,,,
http://purl.obolibrary.org/obo/DOID_0110916,SPH1,,,,
http://purl.obolibrary.org/obo/DOID_0110916,esferocitosis hereditaria 1,,,,
http://purl.obolibrary.org/obo/DOID_12971,Anemia hemolítica esferocítica congénita,,,,
http://purl.obolibrary.org/obo/DOID_12971,síndrome de Minkowski Chauffard,,,,
http://purl.obolibrary.org/obo/DOID_12971,anemia esferocítica,,,,
http://purl.obolibrary.org/obo/DOID_0110917,HS2,,,,
http://purl.obolibrary.org/obo/DOID_0110917,SPH2,,,,
http://purl.obolibrary.org/obo/DOID_0110917,esferocitosis hereditaria 2,,,,
http://purl.obolibrary.org/obo/DOID_0110918,HS3,,,,
http://purl.obolibrary.org/obo/DOID_0110918,SPH3,,,,
http://purl.obolibrary.org/obo/DOID_0110918,esferocitosis hereditaria 3,,,,
http://purl.obolibrary.org/obo/DOID_0110919,HS4,,,,
http://purl.obolibrary.org/obo/DOID_0110919,SPH4,,,,
http://purl.obolibrary.org/obo/DOID_0110919,esferocitosis hereditaria 4,,,,
http://purl.obolibrary.org/obo/DOID_0110920,HS5,,,,
http://purl.obolibrary.org/obo/DOID_0110920,SPH5,,,,
http://purl.obolibrary.org/obo/DOID_0110920,esferocitosis hereditaria 5,,,,
http://purl.obolibrary.org/obo/DOID_0111066,CBAS5,,,,
http://purl.obolibrary.org/obo/DOID_0111067,CBAS6,,,,
http://purl.obolibrary.org/obo/DOID_0111068,CBAS4,,,,
http://purl.obolibrary.org/obo/DOID_0111068,colestasis intrahepática con conversión defectuosa del ácido trihidroxicoprostánico en ácido cólico,,,,
http://purl.obolibrary.org/obo/DOID_0111068,ácido trihidroxicoprostánico en la bilis,,,,
http://purl.obolibrary.org/obo/DOID_0111069,CBAS2,,,,
http://purl.obolibrary.org/obo/DOID_0111069,colestasis con deficiencia de delta(4)-3-oxosteroide 5-beta-reductasa,,,,
http://purl.obolibrary.org/obo/DOID_0111070,CBAS3,,,,
http://purl.obolibrary.org/obo/DOID_0111070,deficiencia de oxisterol 7-alfa-hidroxilasa,,,,
http://purl.obolibrary.org/obo/DOID_0111071,CBAS1,,,,
http://purl.obolibrary.org/obo/DOID_0111077,deficiencia PK,,,,
http://purl.obolibrary.org/obo/DOID_0111077,anemia hemolítica debida a la deficiencia de piruvato quinasa de los glóbulos rojos,,,,
http://purl.obolibrary.org/obo/DOID_0111077,deficiencia de piruvato quinasa eritrocitaria,,,,
http://purl.obolibrary.org/obo/DOID_2861,HNSHA,,,,
http://purl.obolibrary.org/obo/DOID_2861,anemia hemolítica congénita no esferocítica,,,,
http://purl.obolibrary.org/obo/DOID_2861,anemia hemolítica hereditaria no esferocítica,,,,
http://purl.obolibrary.org/obo/DOID_2861,anemia hemolítica hereditaria no esferocítica,,,,
http://purl.obolibrary.org/obo/DOID_0111080,FANCV,,,,
http://purl.obolibrary.org/obo/DOID_13636,anemia de Fanconi,,,,
http://purl.obolibrary.org/obo/DOID_13636,pancitopenia de Fanconi,,,,
http://purl.obolibrary.org/obo/DOID_13636,panmielopatía de Fanconi,,,,
http://purl.obolibrary.org/obo/DOID_13636,anemia de Fanconi,,,,
http://purl.obolibrary.org/obo/DOID_13636,anemia de Fanconi,,,,
http://purl.obolibrary.org/obo/DOID_0111081,FANCT,,,,
http://purl.obolibrary.org/obo/DOID_0111082,FANCL,,,,
http://purl.obolibrary.org/obo/DOID_0111083,FA4,,,,
http://purl.obolibrary.org/obo/DOID_0111083,FAD2,,,,
http://purl.obolibrary.org/obo/DOID_0111083,FANCD2,,,,
http://purl.obolibrary.org/obo/DOID_0111083,pancitopenia de Fanconi tipo 4,,,,
http://purl.obolibrary.org/obo/DOID_0111084,CARA,,,,
http://purl.obolibrary.org/obo/DOID_0111084,FANCE,,,,
http://purl.obolibrary.org/obo/DOID_0111085,FANCU,,,,
http://purl.obolibrary.org/obo/DOID_0111086,FANCG,,,,
http://purl.obolibrary.org/obo/DOID_0111087,FA3,,,,
http://purl.obolibrary.org/obo/DOID_0111087,FACC,,,,
http://purl.obolibrary.org/obo/DOID_0111087,FANCC,,,,
http://purl.obolibrary.org/obo/DOID_0111087,pancitopenia de Fanconi tipo 3,,,,
http://purl.obolibrary.org/obo/DOID_0111088,FANCF,,,,
http://purl.obolibrary.org/obo/DOID_0111089,FAD1,,,,
http://purl.obolibrary.org/obo/DOID_0111089,FANCD1,,,,
http://purl.obolibrary.org/obo/DOID_0111090,FANCR,,,,
http://purl.obolibrary.org/obo/DOID_0111091,FANCI,,,,
http://purl.obolibrary.org/obo/DOID_0111092,FANCP,,,,
http://purl.obolibrary.org/obo/DOID_0111093,FANCQ,,,,
http://purl.obolibrary.org/obo/DOID_0111094,FANCN,,,,
http://purl.obolibrary.org/obo/DOID_0111095,FANCA,,,,
http://purl.obolibrary.org/obo/DOID_0111096,FANCO,,,,
http://purl.obolibrary.org/obo/DOID_0111097,FANCJ,,,,
http://purl.obolibrary.org/obo/DOID_0111098,FACB,,,,
http://purl.obolibrary.org/obo/DOID_0111098,FANCB,,,,
http://purl.obolibrary.org/obo/DOID_0111098,pancitopenia de Fanconi tipo 2,,,,
http://purl.obolibrary.org/obo/DOID_0111135,“Lipodistrofia congénita Berardinelli-Seip, tipo 1”,,,
http://purl.obolibrary.org/obo/DOID_0111135,síndrome de Brunzell relacionado con AGPAT2,,,,
http://purl.obolibrary.org/obo/DOID_0111136,lipodistrofia congénita Berardinelli-Seip tipo 2,,,,
http://purl.obolibrary.org/obo/DOID_0111136,síndrome de Berardinelli-Seip,,,,
http://purl.obolibrary.org/obo/DOID_0111136,síndrome de Brunzell relacionado con BSCL2,,,,
http://purl.obolibrary.org/obo/DOID_0111136,CGL2,,,,
http://purl.obolibrary.org/obo/DOID_0111136,diabetes lipoatrófica congénita,,,,
http://purl.obolibrary.org/obo/DOID_0111136,lipodistrofia total y gigantismo acromegalico,,,,
http://purl.obolibrary.org/obo/DOID_0111137,lipodistrofia congénita Berardinelli-Seip tipo 3,,,,
http://purl.obolibrary.org/obo/DOID_0111138,lipodistrofia congénita Berardinelli-Seip tipo 4 con distrofia muscular,,,,
http://purl.obolibrary.org/obo/DOID_0111138,lipodistrofia generalizada congénita tipo 4,,,,
http://purl.obolibrary.org/obo/DOID_0111138,lipodistrofia congénita generalizada tipo 4,,,,
http://purl.obolibrary.org/obo/DOID_0111138,lipodistrofia congénita generalizada con miopatía,,,,
http://purl.obolibrary.org/obo/DOID_0111138,lipodistrofia congénita generalizada tipo 4,,,,
http://purl.obolibrary.org/obo/DOID_0111138,lipodistrofia congénita generalizada con miopatía,,,,
http://purl.obolibrary.org/obo/DOID_0111153,sincinesia controlateral congénita familiar,,,,
http://purl.obolibrary.org/obo/DOID_0111153,movimientos de espejo congénitos familiares,,,,
http://purl.obolibrary.org/obo/DOID_0111153,sincinesia controlateral congénita hereditaria,,,,
http://purl.obolibrary.org/obo/DOID_0111153,movimientos de espejo congénitos hereditarios,,,,
http://purl.obolibrary.org/obo/DOID_0111153,sincinesia controlateral congénita aislada,,,,
http://purl.obolibrary.org/obo/DOID_0111153,movimientos especulares congénitos aislados,,,,
http://purl.obolibrary.org/obo/DOID_0111169,HeCo,,,,
http://purl.obolibrary.org/obo/DOID_0111169,banda heterotópica,,,,
http://purl.obolibrary.org/obo/DOID_0111169,síndrome de doble corteza,,,,
http://purl.obolibrary.org/obo/DOID_0111169,corteza heterotópica,,,,
http://purl.obolibrary.org/obo/DOID_0111169,heterotopía laminar subcortical,,,,
http://purl.obolibrary.org/obo/DOID_0111216,AR-CNM,,,,
http://purl.obolibrary.org/obo/DOID_14717,miopatía miotubular,,,,
http://purl.obolibrary.org/obo/DOID_0111217,AD-CNM,,,,
http://purl.obolibrary.org/obo/DOID_0111220,CNM2,,,,
http://purl.obolibrary.org/obo/DOID_0111221,CNM6,,,,
http://purl.obolibrary.org/obo/DOID_0111222,CNM5,,,,
http://purl.obolibrary.org/obo/DOID_0111223,CNM1,,,,
http://purl.obolibrary.org/obo/DOID_0111224,CNM4,,,,
http://purl.obolibrary.org/obo/DOID_0111225,CNMX,,,,
http://purl.obolibrary.org/obo/DOID_0111225,MTM1,,,,
http://purl.obolibrary.org/obo/DOID_0111225,miopatía miotubular ligada al cromosoma X,,,,
http://purl.obolibrary.org/obo/DOID_0111225,XLCNM,,,,
http://purl.obolibrary.org/obo/DOID_0111225,XLMTM,,,,
http://purl.obolibrary.org/obo/DOID_0111225,miopatía miotubular 1,,,,
http://purl.obolibrary.org/obo/DOID_0111226,CFTDX,,,,
http://purl.obolibrary.org/obo/DOID_0112374,CMD debida a distroglicanopatía,,,,
http://purl.obolibrary.org/obo/DOID_0112374,MDDG,,,,
http://purl.obolibrary.org/obo/DOID_0112374,distrofia muscular congénita debida a una distroglicanopatía,,,,
http://purl.obolibrary.org/obo/DOID_0111230,MDDGA11,,,,
http://purl.obolibrary.org/obo/DOID_0111230,síndrome de Walker-Warburg o enfermedad músculo-ojo-cerebro relacionada con B3GALNT2,,,,
http://purl.obolibrary.org/obo/DOID_0111230,distrofia-distroglicanopatía muscular congénita con anomalías cerebrales y oculares tipo A11,,,,
http://purl.obolibrary.org/obo/DOID_0111231,MDDGA8,,,,
http://purl.obolibrary.org/obo/DOID_0111231,síndrome de Walker-Warburg o enfermedad músculo-ojo-cerebro relacionada con GTDC2,,,,
http://purl.obolibrary.org/obo/DOID_0111231,distrofia muscular congénita-distroglicanopatía con anomalías cerebrales y oculares tipo A8,,,,
http://purl.obolibrary.org/obo/DOID_0111232,MDDGA9,,,,
http://purl.obolibrary.org/obo/DOID_0111232,síndrome de Walker-Warburg o enfermedad músculo-ojo-cerebro relacionada con DAG1,,,,
http://purl.obolibrary.org/obo/DOID_0111232,distrofia muscular congénita-distroglicanopatía con anomalías cerebrales y oculares tipo A9,,,,
http://purl.obolibrary.org/obo/DOID_0111233,MDDGA14,,,,
http://purl.obolibrary.org/obo/DOID_0111233,síndrome de Walker-Warburg o enfermedad músculo-ojo-cerebro relacionada con GMPPB,,,,
http://purl.obolibrary.org/obo/DOID_0111233,distrofia-distroglicanopatía muscular congénita con anomalías cerebrales y oculares tipo A14,,,,
http://purl.obolibrary.org/obo/DOID_0111234,MDDGA7,,,,
http://purl.obolibrary.org/obo/DOID_0111234,síndrome de Walker-Warburg o enfermedad músculo-ojo-cerebro relacionada con ISPD,,,,
http://purl.obolibrary.org/obo/DOID_0111234,distrofia-distroglicanopatía muscular congénita con anomalías cerebrales y oculares tipo A7,,,,
http://purl.obolibrary.org/obo/DOID_0111235,MDDGA12,,,,
http://purl.obolibrary.org/obo/DOID_0111235,síndrome de Walker-Warburg o enfermedad músculo-ojo-cerebro relacionada con POMK,,,,
http://purl.obolibrary.org/obo/DOID_0111235,distrofia-distroglicanopatía muscular congénita con anomalías cerebrales y oculares tipo A12,,,,
http://purl.obolibrary.org/obo/DOID_0111236,MDDGA3,,,,
http://purl.obolibrary.org/obo/DOID_0111236,“Síndrome de Walker-Warburg o enfermedad músculo-ojo-cerebro, relacionada con POMGNT1”,,,
http://purl.obolibrary.org/obo/DOID_0111236,distrofia muscular congénita-distroglicanopatía con anomalías cerebrales y oculares tipo A3,,,,
http://purl.obolibrary.org/obo/DOID_0111237,MDDGA1,,,,
http://purl.obolibrary.org/obo/DOID_0111237,“Síndrome de Walker-Warburg o enfermedad músculo-ojo-cerebro, relacionada con POMT1”,,,
http://purl.obolibrary.org/obo/DOID_0111237,distrofia muscular congénita-distroglicanopatía con anomalías cerebrales y oculares tipo A1,,,,
http://purl.obolibrary.org/obo/DOID_0111238,MDDGA13,,,,
http://purl.obolibrary.org/obo/DOID_0111238,“Síndrome de Walker-Warburg o enfermedad músculo-ojo-cerebro, relacionada con B3GNT1”,,,
http://purl.obolibrary.org/obo/DOID_0111238,“Síndrome de Walker-Warburg o enfermedad músculo-ojo-cerebro, relacionada con B4GNT1”,,,
http://purl.obolibrary.org/obo/DOID_0111238,distrofia muscular congénita-distroglicanopatía con anomalías cerebrales y oculares tipo A13,,,,
http://purl.obolibrary.org/obo/DOID_0111239,MDDGA10,,,,
http://purl.obolibrary.org/obo/DOID_0111239,“Síndrome de Walker-Warburg o enfermedad músculo-ojo-cerebro, relacionada con TMEM5”,,,
http://purl.obolibrary.org/obo/DOID_0111239,distrofia muscular congénita-distroglicanopatía con anomalías cerebrales y oculares tipo A10,,,,
http://purl.obolibrary.org/obo/DOID_0111240,MDDGA2,,,,
http://purl.obolibrary.org/obo/DOID_0111240,“Síndrome de Walker-Warburg o enfermedad músculo-ojo-cerebro, relacionada con POMT2”,,,
http://purl.obolibrary.org/obo/DOID_0111240,distrofia muscular congénita-distroglicanopatía con anomalías cerebrales y oculares tipo A2,,,,
http://purl.obolibrary.org/obo/DOID_0111241,MDDGA5,,,,
http://purl.obolibrary.org/obo/DOID_0111241,“Síndrome de Walker-Warburg o enfermedad músculo-ojo-cerebro, relacionada con FKRP”,,,
http://purl.obolibrary.org/obo/DOID_0111241,distrofia muscular congénita-distroglicanopatía con anomalías cerebrales y oculares tipo A5,,,,
http://purl.obolibrary.org/obo/DOID_0111242,MDDGA6,,,,
http://purl.obolibrary.org/obo/DOID_0111242,“Síndrome de Walker-Warburg o enfermedad músculo-ojo-cerebro, relacionada con LARGE”,,,
http://purl.obolibrary.org/obo/DOID_0111242,distrofia muscular congénita-distroglicanopatía con anomalías cerebrales y oculares tipo A6,,,,
http://purl.obolibrary.org/obo/DOID_0111244,“PPK-CA, tipo Stevanovic”,,,
http://purl.obolibrary.org/obo/DOID_0111244,PPKCA tipo Stevanovic,,,,
http://purl.obolibrary.org/obo/DOID_0111244,PPKCA1,,,,
http://purl.obolibrary.org/obo/DOID_0111244,hiperqueratosis palmoplantar autosómica dominante y alopecia congénita,,,,
http://purl.obolibrary.org/obo/DOID_0111244,queratodermia palmoplantar autosómica dominante y alopecia congénita,,,,
http://purl.obolibrary.org/obo/DOID_0111244,síndrome queratodermia-hipotricosis-leuconiquia total,,,,
http://purl.obolibrary.org/obo/DOID_0111244,“queratodermia palmoplantar y alopecia congénita, tipo Stevanovic”,,,
http://purl.obolibrary.org/obo/DOID_0111245,CASS,,,,
http://purl.obolibrary.org/obo/DOID_0111245,“PPK-CA, tipo Wallis”,,,
http://purl.obolibrary.org/obo/DOID_0111245,PPKCA Tipo Wallis,,,,
http://purl.obolibrary.org/obo/DOID_0111245,PPKCA2,,,,
http://purl.obolibrary.org/obo/DOID_0111245,hiperqueratosis palmoplantar autosómica recesiva y alopecia congénita,,,,
http://purl.obolibrary.org/obo/DOID_0111245,queratodermia palmoplantar autosómica recesiva y alopecia congénita,,,,
http://purl.obolibrary.org/obo/DOID_0111245,síndrome de cataratas-alopecia-esclerodactilia,,,,
http://purl.obolibrary.org/obo/DOID_0111245,“queratodermia palmoplantar y alopecia congénita, tipo Wallis”,,,
http://purl.obolibrary.org/obo/DOID_0111334,LEPD,,,,
http://purl.obolibrary.org/obo/DOID_0111334,deficiencia o disfunción de leptina,,,,
http://purl.obolibrary.org/obo/DOID_0111334,obesidad mórbida,,,,
http://purl.obolibrary.org/obo/DOID_0111334,obesidad por deficiencia congénita de leptina,,,,
http://purl.obolibrary.org/obo/DOID_0111347,“EBD, tipo Bart”,,,
http://purl.obolibrary.org/obo/DOID_0111347,“epidermólisis bullosa distrófica, tipo Bart”,,,
http://purl.obolibrary.org/obo/DOID_0111359,Nevus pigmentado congénito,,,,
http://purl.obolibrary.org/obo/DOID_0111359,GMN,,,,
http://purl.obolibrary.org/obo/DOID_0111359,Nevus melanocítico congénito gigante,,,,
http://purl.obolibrary.org/obo/DOID_0111359,Nevus velloso pigmentado gigante,,,,
http://purl.obolibrary.org/obo/DOID_0111359,LCMN,,,,
http://purl.obolibrary.org/obo/DOID_0111396,CDA I,,,,
http://purl.obolibrary.org/obo/DOID_0111396,CDA tipo 1,,,,
http://purl.obolibrary.org/obo/DOID_0111396,CDA tipo I,,,,
http://purl.obolibrary.org/obo/DOID_0111396,Anemia diseritropoyética congénita tipo 1,,,,
http://purl.obolibrary.org/obo/DOID_0111396,Anemia diseritropoyética congénita tipo 1,,,,
http://purl.obolibrary.org/obo/DOID_0111396,anemia diseritropoyética congénita tipo I,,,,
http://purl.obolibrary.org/obo/DOID_1338,anemia dishematopoyética congénita,,,,
http://purl.obolibrary.org/obo/DOID_0111397,“CDA, tipo Ib”,,,
http://purl.obolibrary.org/obo/DOID_0111397,CDAN1B,,,,
http://purl.obolibrary.org/obo/DOID_0111398,CDA Ia,,,,
http://purl.obolibrary.org/obo/DOID_0111398,CDAN1A,,,,
http://purl.obolibrary.org/obo/DOID_0111399,CDA III,,,,
http://purl.obolibrary.org/obo/DOID_0111399,CDA tipo 3,,,,
http://purl.obolibrary.org/obo/DOID_0111399,CDA tipo III,,,,
http://purl.obolibrary.org/obo/DOID_0111399,CDAN3,,,,
http://purl.obolibrary.org/obo/DOID_0111399,Anemia diseritropoyética congénita tipo 3,,,,
http://purl.obolibrary.org/obo/DOID_0111399,Anemia diseritropoyética congénita tipo 3,,,,
http://purl.obolibrary.org/obo/DOID_0111399,anemia con eritroblastos multinucleados,,,,
http://purl.obolibrary.org/obo/DOID_0111399,anemia con eritroblastos multinucleados,,,,
http://purl.obolibrary.org/obo/DOID_0111399,anemia diseritropoyética congénita tipo III,,,,
http://purl.obolibrary.org/obo/DOID_0111399,eritroreticulosis benigna hereditaria,,,,
http://purl.obolibrary.org/obo/DOID_0111400,CDA IV,,,,
http://purl.obolibrary.org/obo/DOID_0111400,CDA por mutación de KLF1,,,,
http://purl.obolibrary.org/obo/DOID_0111400,CDA tipo 4,,,,
http://purl.obolibrary.org/obo/DOID_0111400,CDA tipo IV,,,,
http://purl.obolibrary.org/obo/DOID_0111400,CDAN4,,,,
http://purl.obolibrary.org/obo/DOID_0111400,Anemia diseritropoyética congénita por mutación de KLF1,,,,
http://purl.obolibrary.org/obo/DOID_0111400,Anemia diseritropoyética congénita tipo 4,,,,
http://purl.obolibrary.org/obo/DOID_0111400,Anemia diseritropoyética congénita por mutación de KLF1,,,,
http://purl.obolibrary.org/obo/DOID_0111400,Anemia diseritropoyética congénita tipo 4,,,,
http://purl.obolibrary.org/obo/DOID_0111400,anemia diseritropoyética congénita tipo IV,,,,
http://purl.obolibrary.org/obo/DOID_0111401,CDA II,,,,
http://purl.obolibrary.org/obo/DOID_0111401,CDA tipo 2,,,,
http://purl.obolibrary.org/obo/DOID_0111401,CDA tipo II,,,,
http://purl.obolibrary.org/obo/DOID_0111401,CDAN2,,,,
http://purl.obolibrary.org/obo/DOID_0111401,Anemia diseritropoyética congénita tipo 2,,,,
http://purl.obolibrary.org/obo/DOID_0111401,Anemia diseritropoyética congénita tipo 2,,,,
http://purl.obolibrary.org/obo/DOID_0111401,Multinuclearidad eritroblástica hereditaria con prueba del suero acidificado positiva (hempas),,,,
http://purl.obolibrary.org/obo/DOID_0111401,SEC23B-CDG,,,,
http://purl.obolibrary.org/obo/DOID_0111401,anemia diseritropoyética congénita tipo II,,,,
http://purl.obolibrary.org/obo/DOID_0111568,CVT,,,,
http://purl.obolibrary.org/obo/DOID_0111568,pie convexo congénito,,,,
http://purl.obolibrary.org/obo/DOID_0111568,pie valgo congénito convexo,,,,
http://purl.obolibrary.org/obo/DOID_0111568,pie de balancín congénito,,,,
http://purl.obolibrary.org/obo/DOID_0111568,deformidad del pie en balancín,,,,
http://purl.obolibrary.org/obo/DOID_0111591,CHDTHP,,,,
http://purl.obolibrary.org/obo/DOID_0111591,síndrome de Ostravik-Lindemann-Solberg,,,,
http://purl.obolibrary.org/obo/DOID_0111591,defecto cardíaco-hamartoma lingual-síndrome de polisindactilia,,,,
http://purl.obolibrary.org/obo/DOID_0111595,síndrome de Beals,,,,
http://purl.obolibrary.org/obo/DOID_0111595,síndrome de Beals-Hecht,,,,
http://purl.obolibrary.org/obo/DOID_0111595,CCA,,,,
http://purl.obolibrary.org/obo/DOID_0111595,“aracnodactilia, contractural tipo Beals”,,,
http://purl.obolibrary.org/obo/DOID_0111595,“contracturas, múltiples con aracnodactilia”,,,
http://purl.obolibrary.org/obo/DOID_0111595,artrogriposis distal tipo 9,,,,
http://purl.obolibrary.org/obo/DOID_0111595,anomalías auriculares-contracturas-displasia ósea con cifoescoliosis,,,,
http://purl.obolibrary.org/obo/DOID_0111633,CSID,,,,
http://purl.obolibrary.org/obo/DOID_0111633,deficiencia de SI,,,,
http://purl.obolibrary.org/obo/DOID_0111633,malabsorción congénita de sacarasa-isomaltosa,,,,
http://purl.obolibrary.org/obo/DOID_0111633,intolerancia congénita a la sacarosa,,,,
http://purl.obolibrary.org/obo/DOID_0111633,intolerancia a los disacáridos,,,,
http://purl.obolibrary.org/obo/DOID_0111646,CLD,,,,
http://purl.obolibrary.org/obo/DOID_0111646,alactasia congénita,,,,
http://purl.obolibrary.org/obo/DOID_0111646,síndrome de alactasia congénita,,,,
http://purl.obolibrary.org/obo/DOID_0111646,intolerancia congénita a la lactosa,,,,
http://purl.obolibrary.org/obo/DOID_0111646,malabsorción congénita de lactosa,,,,
http://purl.obolibrary.org/obo/DOID_0111646,intolerancia a los disacáridos II,,,,
http://purl.obolibrary.org/obo/DOID_0111706,Tessier número 4 hendidura facial,,,,
http://purl.obolibrary.org/obo/DOID_0111716,criptoftalmos,,,,
http://purl.obolibrary.org/obo/DOID_0111717,CRYPTOP,,,,
http://purl.obolibrary.org/obo/DOID_0111717,criptoftalmos aislado unilateral o bilateral,,,,
http://purl.obolibrary.org/obo/DOID_0111718,criptoftalmos incompleto,,,,
http://purl.obolibrary.org/obo/DOID_0111733,HDCA,,,,
http://purl.obolibrary.org/obo/DOID_0111733,PACHD,,,,
http://purl.obolibrary.org/obo/DOID_0111733,Síndrome de Yorifuji-Okuno,,,,
http://purl.obolibrary.org/obo/DOID_0111733,defectos congénitos del corazón y otras anomalías congénitas,,,,
http://purl.obolibrary.org/obo/DOID_0111733,hipoplasia pancreática congénita con diabetes mellitus y cardiopatía congénita,,,,
http://purl.obolibrary.org/obo/DOID_0111733,agenesia pancreática y defectos cardíacos congénitos,,,,
http://purl.obolibrary.org/obo/DOID_0111790,NYS1,,,,
http://purl.obolibrary.org/obo/DOID_0111790,nistagmo infantil ligado al cromosoma X 1,,,,
http://purl.obolibrary.org/obo/DOID_0111790,nistagmo motor congénito 1,,,,
http://purl.obolibrary.org/obo/DOID_0111791,NYS7,,,,
http://purl.obolibrary.org/obo/DOID_0111791,nistagmo congénito autosómico dominante 7,,,,
http://purl.obolibrary.org/obo/DOID_0111792,NYS2,,,,
http://purl.obolibrary.org/obo/DOID_0111792,nistagmo congénito autosómico dominante 2,,,,
http://purl.obolibrary.org/obo/DOID_0111792,nistagmo motor congénito 2,,,,
http://purl.obolibrary.org/obo/DOID_0111793,NYS3,,,,
http://purl.obolibrary.org/obo/DOID_0111793,nistagmo congénito autosómico dominante 3,,,,
http://purl.obolibrary.org/obo/DOID_0111795,NYS6,,,,
http://purl.obolibrary.org/obo/DOID_0111795,nistagmo congénito ligado al cromosoma X 6,,,,
http://purl.obolibrary.org/obo/DOID_0111796,NYS5,,,,
http://purl.obolibrary.org/obo/DOID_0111796,nistagmo congénito ligado al cromosoma X 5,,,,
http://purl.obolibrary.org/obo/DOID_0111797,nistagmo motor congénito autosómico recesivo,,,,
http://purl.obolibrary.org/obo/DOID_0111808,MCOPS7,,,,
http://purl.obolibrary.org/obo/DOID_0111808,síndrome MIDAS,,,,
http://purl.obolibrary.org/obo/DOID_0111808,Síndrome de microftalmia con defecto cutáneo lineal,,,,
http://purl.obolibrary.org/obo/DOID_0111808,síndrome de microftalmia-aplasia dérmica-esclerocórnea,,,,
http://purl.obolibrary.org/obo/DOID_0111808,microftalmia sindrómica 7,,,,
http://purl.obolibrary.org/obo/DOID_0111808,microftalmia sindrómica tipo 7,,,,
http://purl.obolibrary.org/obo/DOID_0111835,CHNG9,,,,
http://purl.obolibrary.org/obo/DOID_0111836,CHNG7,,,,
http://purl.obolibrary.org/obo/DOID_0111836,síndrome de resistencia a la TRH,,,,
http://purl.obolibrary.org/obo/DOID_0111836,hipotiroidismo central por deficiencia del receptor TRH,,,,
http://purl.obolibrary.org/obo/DOID_0111836,síndrome de resistencia a la hormona liberadora de tirotropina,,,,
http://purl.obolibrary.org/obo/DOID_0111837,CHNG8,,,,
http://purl.obolibrary.org/obo/DOID_0111839,trastorno congénito de la glicosilación tipo Icc,,,,
http://purl.obolibrary.org/obo/DOID_589,anemia hemolítica congénita,,,,
http://purl.obolibrary.org/obo/DOID_589,anemia hemolítica hereditaria,,,,
http://purl.obolibrary.org/obo/DOID_589,anemia hemolítica hereditaria,,,,
http://purl.obolibrary.org/obo/DOID_0111862,CAVD,,,,
http://purl.obolibrary.org/obo/DOID_0111862,CBAVD,,,,
http://purl.obolibrary.org/obo/DOID_0111862,agenesia bilateral congénita de los conductos deferentes,,,,
http://purl.obolibrary.org/obo/DOID_0111862,aplasia bilateral congénita de los conductos deferentes,,,,
http://purl.obolibrary.org/obo/DOID_0111863,CBAVDX,,,,
http://purl.obolibrary.org/obo/DOID_0111876,LSDMCA3,,,,
http://purl.obolibrary.org/obo/DOID_0111876,defectos cutáneos lineales con cardiomiopatía y otras anomalías congénitas,,,,
http://purl.obolibrary.org/obo/DOID_0111877,APLCC,,,,
http://purl.obolibrary.org/obo/DOID_0111877,LSDMCA2,,,,
http://purl.obolibrary.org/obo/DOID_0111877,“aplasia cutis congénita, reticulolinear, con microcefalia, dismorfismo facial y otras anomalías congénitas”,
http://purl.obolibrary.org/obo/DOID_0111878,DBA7,,,,
http://purl.obolibrary.org/obo/DOID_0111878,anemia de Diamond-Blackfan relacionada con RPL11,,,,
http://purl.obolibrary.org/obo/DOID_1339,Blackfan - Síndrome del diamante,,,,
http://purl.obolibrary.org/obo/DOID_1339,anemia crónica constitucional pura de células rojas,,,,
http://purl.obolibrary.org/obo/DOID_0111879,DBA6,,,,
http://purl.obolibrary.org/obo/DOID_0111879,anemia de Diamond-Blackfan relacionada con RPL5,,,,
http://purl.obolibrary.org/obo/DOID_0111880,DBA17,,,,
http://purl.obolibrary.org/obo/DOID_0111880,anemia de Diamond-Blackfan relacionada con RPS27,,,,
http://purl.obolibrary.org/obo/DOID_0111881,DBA8,,,,
http://purl.obolibrary.org/obo/DOID_0111881,anemia de Diamond-Blackfan relacionada con RPS7,,,,
http://purl.obolibrary.org/obo/DOID_0111882,DBA12,,,,
http://purl.obolibrary.org/obo/DOID_0111882,anemia de Diamond-Blackfan relacionada con RPL15,,,,
http://purl.obolibrary.org/obo/DOID_0111883,DBA5,,,,
http://purl.obolibrary.org/obo/DOID_0111883,anemia de Diamond-Blackfan relacionada con RPL35A,,,,
http://purl.obolibrary.org/obo/DOID_0111884,DBA9,,,,
http://purl.obolibrary.org/obo/DOID_0111884,anemia de Diamond-Blackfan relacionada con RPS10,,,,
http://purl.obolibrary.org/obo/DOID_0111885,DBA2,,,,
http://purl.obolibrary.org/obo/DOID_0111886,DBA19,,,,
http://purl.obolibrary.org/obo/DOID_0111886,anemia de Diamond-Blackfan relacionada con RPL35,,,,
http://purl.obolibrary.org/obo/DOID_0111887,DBA3,,,,
http://purl.obolibrary.org/obo/DOID_0111887,anemia de Diamond-Blackfan relacionada con RPS24,,,,
http://purl.obolibrary.org/obo/DOID_0111888,DBA10,,,,
http://purl.obolibrary.org/obo/DOID_0111888,anemia de Diamond-Blackfan relacionada con RPS26,,,,
http://purl.obolibrary.org/obo/DOID_0111889,DBA13,,,,
http://purl.obolibrary.org/obo/DOID_0111889,anemia de Diamond-Blackfan relacionada con RPS29,,,,
http://purl.obolibrary.org/obo/DOID_0111890,DBA4,,,,
http://purl.obolibrary.org/obo/DOID_0111890,anemia de Diamond-Blackfan relacionada con RPS17,,,,
http://purl.obolibrary.org/obo/DOID_0111891,DBA20,,,,
http://purl.obolibrary.org/obo/DOID_0111891,anemia de Diamond-Blackfan relacionada con RPS15A,,,,
http://purl.obolibrary.org/obo/DOID_0111892,DBA11,,,,
http://purl.obolibrary.org/obo/DOID_0111892,anemia de Diamond-Blackfan relacionada con RPL26,,,,
http://purl.obolibrary.org/obo/DOID_0111893,DBA16,,,,
http://purl.obolibrary.org/obo/DOID_0111893,anemia de Diamond-Blackfan relacionada con RPL27,,,,
http://purl.obolibrary.org/obo/DOID_0111894,DBA15,,,,
http://purl.obolibrary.org/obo/DOID_0111895,DBA1,,,,
http://purl.obolibrary.org/obo/DOID_0111895,anemia de Diamond-Blackfan relacionada con RPS19,,,,
http://purl.obolibrary.org/obo/DOID_0111896,DBA18,,,,
http://purl.obolibrary.org/obo/DOID_0111896,anemia de Diamond-Blackfan relacionada con RPL18,,,,
http://purl.obolibrary.org/obo/DOID_0111897,DBA14,,,,
http://purl.obolibrary.org/obo/DOID_0111932,encefalopatía neonatal grave debida a mutaciones de MECP2,,,,
http://purl.obolibrary.org/obo/DOID_0111932,encefalopatía neonatal grave con microcefalia,,,,
http://purl.obolibrary.org/obo/DOID_0112002,CDG IIs,,,,
http://purl.obolibrary.org/obo/DOID_0112002,CDG2S,,,,
http://purl.obolibrary.org/obo/DOID_0112002,CDGIIs,,,,
http://purl.obolibrary.org/obo/DOID_0112002,IMD47,,,,
http://purl.obolibrary.org/obo/DOID_0112002,trastorno congénito de la glicosilación tipo IIs,,,,
http://purl.obolibrary.org/obo/DOID_0112002,inmunodeficiencia y hepatopatía con o sin rasgos neurológicos,,,,
http://purl.obolibrary.org/obo/DOID_0112014,MGBL,,,,
http://purl.obolibrary.org/obo/DOID_0112128,SCNX,,,,
http://purl.obolibrary.org/obo/DOID_0112128,XLN,,,,
http://purl.obolibrary.org/obo/DOID_0112129,SCN7,,,,
http://purl.obolibrary.org/obo/DOID_0112129,neutropenia congénita grave autosómica recesiva por deficiencia de CSF3R,,,,
http://purl.obolibrary.org/obo/DOID_0112131,SCN2,,,,
http://purl.obolibrary.org/obo/DOID_0112132,SCN5,,,,
http://purl.obolibrary.org/obo/DOID_0112132,deficiencia de VPS45,,,,
http://purl.obolibrary.org/obo/DOID_0112132,síndrome de neutropenia congénita-fibrosis de la médula ósea-nefromegalia,,,,
http://purl.obolibrary.org/obo/DOID_0112132,síndrome de neutropenia congénita-mielofibrosis-nefromegalia,,,,
http://purl.obolibrary.org/obo/DOID_0112133,enfermedad de Kostmann,,,,
http://purl.obolibrary.org/obo/DOID_0112133,síndrome de Kostmann,,,,
http://purl.obolibrary.org/obo/DOID_0112133,SCN3,,,,
http://purl.obolibrary.org/obo/DOID_0112133,agranulocitosis infantil,,,,
http://purl.obolibrary.org/obo/DOID_0112134,SCN6,,,,
http://purl.obolibrary.org/obo/DOID_0112134,neutropenia congénita grave autosómica recesiva por deficiencia de JAGN1,,,,
http://purl.obolibrary.org/obo/DOID_0112135,SCN8,,,,
http://purl.obolibrary.org/obo/DOID_0112135,SDSL,,,,
http://purl.obolibrary.org/obo/DOID_0112135,Síndrome de Shwachman-Diamond,,,,
http://purl.obolibrary.org/obo/DOID_0112135,neutropenia congénita grave autosómica dominante 8 con o sin disfunción pancreática y/o anomalías neurológicas,,,,
http://purl.obolibrary.org/obo/DOID_0112136,síndrome de Dursun,,,,
http://purl.obolibrary.org/obo/DOID_0112136,SCN4,,,,
http://purl.obolibrary.org/obo/DOID_0112136,neutropenia congénita grave autosómica recesiva por deficiencia de G6PC3,,,,
http://purl.obolibrary.org/obo/DOID_0112136,síndrome de neutropenia congénita grave-hipertensión pulmonar-angiectasia venosa superficial,,,,
http://purl.obolibrary.org/obo/DOID_0112184,TDH5,,,,
http://purl.obolibrary.org/obo/DOID_0112184,defecto genético en la hormonogénesis tiroidea 5,,,,
http://purl.obolibrary.org/obo/DOID_0112185,TDH1,,,,
http://purl.obolibrary.org/obo/DOID_0112185,defecto genético en la hormonogénesis tiroidea 1,,,,
http://purl.obolibrary.org/obo/DOID_0112185,“defecto de acumulación, transporte o atrapamiento de yoduro”,,,
http://purl.obolibrary.org/obo/DOID_0112186,TDH2A,,,,
http://purl.obolibrary.org/obo/DOID_0112186,defecto genético en la hormonogénesis tiroidea 2A,,,,
http://purl.obolibrary.org/obo/DOID_0112186,deficiencia de yoduro peroxidasa,,,,
http://purl.obolibrary.org/obo/DOID_0112186,deficiencia de peroxidasa tiroidea,,,,
http://purl.obolibrary.org/obo/DOID_0112187,TDH3,,,,
http://purl.obolibrary.org/obo/DOID_0112187,defecto genético en la hormonogénesis tiroidea 3,,,,
http://purl.obolibrary.org/obo/DOID_0112188,TDH4,,,,
http://purl.obolibrary.org/obo/DOID_0112188,deficiencia de deiodinasa,,,,
http://purl.obolibrary.org/obo/DOID_0112188,defecto genético en la hormonogénesis tiroidea 4,,,,
http://purl.obolibrary.org/obo/DOID_0112188,deficiencia de yodo tirosina deshalogenasa,,,,
http://purl.obolibrary.org/obo/DOID_0112189,TDH6,,,,
http://purl.obolibrary.org/obo/DOID_0112189,defecto genético en la hormonogénesis tiroidea 6,,,,
http://purl.obolibrary.org/obo/DOID_0112213,DEE77,,,,
http://purl.obolibrary.org/obo/DOID_0112213,GPIBD19,,,,
http://purl.obolibrary.org/obo/DOID_0112213,MCAHS4,,,,
http://purl.obolibrary.org/obo/DOID_0112213,encefalopatía del desarrollo y epiléptica 77,,,,
http://purl.obolibrary.org/obo/DOID_0112213,encefalopatía epiléptica infantil precoz 77,,,,
http://purl.obolibrary.org/obo/DOID_0112213,defecto de biosíntesis del glicosilfosfatidilinositol 19,,,,
http://purl.obolibrary.org/obo/DOID_0112228,LIS9,,,,
http://purl.obolibrary.org/obo/DOID_0112228,síndrome de lisencefalia con predominio posterior - puente de Varolio ancho y plano y defectos de cruce de la médula - línea media,,,,
http://purl.obolibrary.org/obo/DOID_0112229,LIS10,,,,
http://purl.obolibrary.org/obo/DOID_0112230,LIS5,,,,
http://purl.obolibrary.org/obo/DOID_0112231,LIS7,,,,
http://purl.obolibrary.org/obo/DOID_0112232,LIS3,,,,
http://purl.obolibrary.org/obo/DOID_0112233,LIS8,,,,
http://purl.obolibrary.org/obo/DOID_0112235,LIS4,,,,
http://purl.obolibrary.org/obo/DOID_0112235,lisencefalia 4 con microcefalia,,,,
http://purl.obolibrary.org/obo/DOID_0112236,LIS6,,,,
http://purl.obolibrary.org/obo/DOID_0112237,LIS1,,,,
http://purl.obolibrary.org/obo/DOID_0112237,lisencefalia relacionada con PAFAH1B1,,,,
http://purl.obolibrary.org/obo/DOID_0112238,lisencefalia ligada al cromosoma X con genitales anormales,,,,
http://purl.obolibrary.org/obo/DOID_0112238,lisencefalia ligada al cromosoma X con genitales ambiguos,,,,
http://purl.obolibrary.org/obo/DOID_0112238,síndrome de lisencefalia-agenesia del cuerpo calloso-anomalías genitales ligadas al cromosoma X,,,,
http://purl.obolibrary.org/obo/DOID_0112238,XLAG,,,,
http://purl.obolibrary.org/obo/DOID_0112238,síndrome XLAG (lisencefalia ligada al cromosoma X con genitales anormales),,,,
http://purl.obolibrary.org/obo/DOID_0112238,XLIS2,,,,
http://purl.obolibrary.org/obo/DOID_0112239,XLIS1,,,,
http://purl.obolibrary.org/obo/DOID_0112239,lisencefalia tipo 1 debida a una mutación del gen de la doble corticina,,,,
http://purl.obolibrary.org/obo/DOID_0112321,AAMR,,,,
http://purl.obolibrary.org/obo/DOID_0112321,“síndrome de alacrima, acalasia y retraso mental”,,,
http://purl.obolibrary.org/obo/DOID_0112376,MDDGB15,,,,
http://purl.obolibrary.org/obo/DOID_0112376,distrofia muscular congénita relacionada con DPM3,,,,
http://purl.obolibrary.org/obo/DOID_0112377,MDDGB14,,,,
http://purl.obolibrary.org/obo/DOID_0112377,distrofia muscular congénita relacionada con GMPPB,,,,
http://purl.obolibrary.org/obo/DOID_0112378,MDDGB3,,,,
http://purl.obolibrary.org/obo/DOID_0112378,distrofia muscular congénita relacionada con POMGNT1,,,,
http://purl.obolibrary.org/obo/DOID_0112379,MDDGB4,,,,
http://purl.obolibrary.org/obo/DOID_0112379,distrofia muscular congénita relacionada con FKTN,,,,
http://purl.obolibrary.org/obo/DOID_0112380,MDDGB2,,,,
http://purl.obolibrary.org/obo/DOID_0112380,distrofia muscular congénita relacionada con POMT2,,,,
http://purl.obolibrary.org/obo/DOID_0112381,LGMD por deficiencia de POMK,,,,
http://purl.obolibrary.org/obo/DOID_0112381,Distrofia muscular de cinturas por deficiencia de POMK,,,,
http://purl.obolibrary.org/obo/DOID_0112381,MDDGC12,,,,
http://purl.obolibrary.org/obo/DOID_0112381,“distrofia-distroglicanopatía muscular, cinturas de las extremidades, relacionada con POMK”,,
http://purl.obolibrary.org/obo/DOID_0112382,LGMDR24,,,,
http://purl.obolibrary.org/obo/DOID_0112382,MDDGC2,,,,
http://purl.obolibrary.org/obo/DOID_0112382,distrofia muscular de cinturas de extremidades autosómica recesiva 24,,,,
http://purl.obolibrary.org/obo/DOID_0112382,“distrofia-distroglicanopatía muscular (cinturas de las extremidades) tipo C, 8”,,,
http://purl.obolibrary.org/obo/DOID_0112382,“distrofia-distroglicanopatía muscular, cinturas de las extremidades, relacionada con POMGNT2”,,
http://purl.obolibrary.org/obo/DOID_10039,neurosífilis juvenil,,,,
http://purl.obolibrary.org/obo/DOID_10488,Atresia congénita del ano,,,,
http://purl.obolibrary.org/obo/DOID_10488,Oclusión congénita o infantil del ano,,,,
http://purl.obolibrary.org/obo/DOID_10488,atresia anal,,,,
http://purl.obolibrary.org/obo/DOID_2860,hemoglobinopatías,,,,
http://purl.obolibrary.org/obo/DOID_10892,hipospadias familiar,,,,
http://purl.obolibrary.org/obo/DOID_11211,glaucoma congénito primario 3A,,,,
http://purl.obolibrary.org/obo/DOID_11211,buftalmos simple,,,,
http://purl.obolibrary.org/obo/DOID_11367,“AFAQUIA, PRIMARIA CONGÉNITA”,,,
http://purl.obolibrary.org/obo/DOID_11367,Ausencia congénita del cristalino,,,,
http://purl.obolibrary.org/obo/DOID_1148,polidactilia postaxial,,,,
http://purl.obolibrary.org/obo/DOID_1148,Dígito supernumerario,,,,
http://purl.obolibrary.org/obo/DOID_12961,la sindactilia de Polonia,,,,
http://purl.obolibrary.org/obo/DOID_13336,Toxoplasmosis - congen.,,,,
http://purl.obolibrary.org/obo/DOID_1342,anemia aplásica congénita,,,,
http://purl.obolibrary.org/obo/DOID_1342,anemia aplásica congénita,,,,
http://purl.obolibrary.org/obo/DOID_1342,anemia hipoplásica congénita,,,,
http://purl.obolibrary.org/obo/DOID_1342,Anemia aplásica constitucional,,,,
http://purl.obolibrary.org/obo/DOID_13620,Comunicación interauricular dentro de la fosa oval,,,,
http://purl.obolibrary.org/obo/DOID_13620,“Defecto, patente o persistente, ostium secundum”,,
http://purl.obolibrary.org/obo/DOID_13620,Comunicación interauricular tipo Ostium secundum,,,,
http://purl.obolibrary.org/obo/DOID_13620,Ostium secundum persistente,,,,
http://purl.obolibrary.org/obo/DOID_13620,foramen oval permeable,,,,
http://purl.obolibrary.org/obo/DOID_14177,Hipogammaglobulinemia congénita,,,,
http://purl.obolibrary.org/obo/DOID_14681,Enanismo Silver Russell,,,,
http://purl.obolibrary.org/obo/DOID_1657,Comunicación interventricular,,,,
http://purl.obolibrary.org/obo/DOID_1657,Anomalía del tabique ventricular,,,,
http://purl.obolibrary.org/obo/DOID_1998,síndrome de Lutembacher,,,,
http://purl.obolibrary.org/obo/DOID_1998,anomalía de Lutembacher,,,,
http://purl.obolibrary.org/obo/DOID_2236,Deficiencia de factor I,,,,
http://purl.obolibrary.org/obo/DOID_2236,Deficiencia de fibrinógeno,,,,
http://purl.obolibrary.org/obo/DOID_2859,enfermedad Hb-C,,,,
http://purl.obolibrary.org/obo/DOID_3827,Hernia diafragmática,,,,
http://purl.obolibrary.org/obo/DOID_4297,síndrome de Halasz,,,,
http://purl.obolibrary.org/obo/DOID_4297,síndrome venolobar congénito,,,,
http://purl.obolibrary.org/obo/DOID_4297,síndrome pulmonar hipogenético,,,,
http://purl.obolibrary.org/obo/DOID_4297,síndrome pulmonar de imagen especular,,,,
http://purl.obolibrary.org/obo/DOID_4297,síndrome venolobar pulmonar,,,,
http://purl.obolibrary.org/obo/DOID_4297,retorno venoso pulmonar anómalo total,,,,
http://purl.obolibrary.org/obo/DOID_4297,síndrome broncovascular de la vena cava,,,,
http://purl.obolibrary.org/obo/DOID_5378,enfermedad Hb-D,,,,
http://purl.obolibrary.org/obo/DOID_5379,enfermedad Hb-E,,,,
http://purl.obolibrary.org/obo/DOID_6406,Dextrotransposición de la aorta,,,,
http://purl.obolibrary.org/obo/DOID_6406,Ventrículo derecho de doble salida con comunicación interventricular subpulmonar,,,,
http://purl.obolibrary.org/obo/DOID_6406,síndrome o defecto de Taussig-Bing,,,,
http://purl.obolibrary.org/obo/DOID_6419,“Comunicación interventricular con estenosis o atresia pulmonar, dextraposición de la aorta e hipertrofia del ventrículo derecho”,,,
http://purl.obolibrary.org/obo/DOID_7280,Epulides congénitas,,,,
http://purl.obolibrary.org/obo/DOID_758,Transposición completa,,,,
http://purl.obolibrary.org/obo/DOID_758,Secuencia de lateralidad,,,,
http://purl.obolibrary.org/obo/DOID_758,situs inversus viscerum,,,,
http://purl.obolibrary.org/obo/DOID_8418,Fibrosarcoma infantil,,,,
http://purl.obolibrary.org/obo/DOID_9296,Labio leporino,,,,
http://purl.obolibrary.org/obo/DOID_9296,queilosquisis,,,,
http://purl.obolibrary.org/obo/DOID_9296,“labio leporino, unilateral, completo”,,
http://purl.obolibrary.org/obo/DOID_9296,labio leporino unilateral completo,,,,
http://purl.obolibrary.org/obo/DOID_9296,labio de liebre,,,,
http://purl.obolibrary.org/obo/DOID_9487,Divertículo de Meckel,,,,
http://purl.obolibrary.org/obo/DOID_9487,Conducto vitelino persistente,,,,
http://purl.obolibrary.org/obo/DOID_9565,Corazón predominantemente en hemitórax derecho,,,,
